gene_id	Col_T00_A	Col_T00_B	Col_T00_C	Col_T00_E	Col_T06_A	Col_T06_B	Col_T06_C	Col_T06_D	Col_T06_E	Col_T12_A	Col_T12_B	Col_T12_C	Col_T12_D	Col_T12_E	Col_T18_A	Col_T18_B	Col_T18_C	Col_T18_D	Col_T18_E	Col_T24_A	Col_T24_B	Col_T24_D	Col_T24_E	Col_T30_A	Col_T30_B	Col_T30_C	Col_T30_D	Col_T36_A	Col_T36_B	Col_T36_C	Col_T36_D	Col_T36_E	Col_T42_A	Col_T42_B	Col_T42_C	Col_T42_D	Col_T42_E	Col_T48_A	Col_T48_B	Col_T48_C	Col_T48_D	Col_T48_E
AT1G03840	658.5861546203658	636.5742253191818	814.8829887332626	648.1892728614466	547.2294454747652	605.256743389923	532.536263582264	527.8654880327663	589.3981071226044	591.3509770309851	652.8315167443949	839.9662879741218	831.2725924605398	688.3780652968297	694.8909714862974	527.3760848047672	410.94194027278746	522.8289700228164	609.7831716452415	523.4262435845559	318.2629186345349	551.4033676684456	641.5297928374396	442.61740143429995	489.8514601797676	591.2360681785441	562.0817899009268	654.1963661860468	685.1710451379851	625.8953133957706	542.916449648578	753.854597878868	608.3823371398828	632.5951244411272	612.1367262058853	629.8728633903607	748.3747911371948	583.899646622411	793.7124886223846	561.6671561378862	623.3303092340989	657.6930112349198
AT1G04240	431.91829110603936	484.7216060092348	472.8333391415227	308.90270034803314	218.70721513915575	291.78147665213135	332.4217049069413	341.56002166826056	304.5031316641244	372.9326322888954	322.07512328746077	337.0917339896147	263.55007103039765	259.8595963370973	297.38129471387657	340.3359377259284	422.6831385662957	393.85524532222774	352.5137904304628	353.4017324882121	527.6016298219563	391.4797323325823	312.32371493401666	309.0306605587567	443.81931941819374	336.1514472343194	402.8479656432792	353.37924848368664	383.05579034499993	358.51091706002956	475.2486023010741	318.78154511115866	309.91100250886336	416.2320680755269	459.7323149488645	340.184500058929	368.05317596911226	307.4555043671876	311.51582984709336	437.93757971330837	336.4385387019944	279.7511118210504
AT1G04550	498.8477783642066	545.0603951390151	529.4224355813326	470.9500185633948	337.75038287312657	344.93126236199913	446.5366185317121	440.68408390065787	476.362853701831	420.62222721074903	478.3379863379808	455.9027549859543	414.15011161919625	443.5103687484112	501.64319411330695	517.7348401099817	527.3754900167439	486.7717996764153	568.1821653211496	564.3745551574974	593.9773187350411	603.0453749123182	583.3794314983735	554.8302637697562	573.23043212526	548.7927036287563	567.5256813285387	505.40510366659987	563.760241809963	476.0161674676646	538.1954370429382	551.36456042426	541.8242694869725	634.5356002829711	677.6328368287373	583.8062123407141	588.0087644649388	679.5918497107575	637.954573698838	670.7445458806062	650.5011175853288	652.1350421258924
AT1G04610	174.01666687123486	92.51947666566308	60.36170286913056	88.6196271490259	232.54944394543142	162.70342564245243	282.8065250700843	234.07609876566107	251.4457678135573	54.366138210913135	39.06571576263001	53.41890866502091	24.769743517894515	29.983799577357377	16.02054112936709	0.9641244694785507	16.633364249136637	0	6.568579945909244	14.242890981892678	1.7019407413611494	3.3317424028304874	13.130726753982682	6.234047907525351	9.553840535421001	12.733009364936342	9.526809998320791	0	7.529352144373463	4.796132669699392	3.147341737093206	2.5502523608892695	4.159879228306891	3.880951683687897	3.778621766702996	0.8858971355701276	4.381585428203717	1.7720778349693806	2.3317053132267467	3.2560414848573114	5.593989954664989	0.9263281848379152
AT1G08925	0.8923931634422301	1.0056464854963378	1.25753547644022	1.265994673557513	0.9228152537517119	1.0846895042830162	1.6538393278952301	2.388531620057766	1.1534209532731985	0.9537918984370726	4.340635084736668	1.842031333276583	1.981579481431561	1.2493249823898906	0	0	0.9784331911256845	1.3868142440923512	1.0947633243182073	0	0.8509703706805747	0	0	0	0.8685309577655455	1.6977345819915122	0	0	0	0	7.8683543427330145	0.5100504721778539	0	0.9702379209219743	2.519081177801997	0.8858971355701276	0.8763170856407434	0	0.9326821252906987	1.6280207424286557	0.7991414220949985	0
AT1G09605	107.97957277650984	182.02201387483714	176.0549667016308	119.00349931440621	46.1407626875856	60.74261223984891	44.653661853171215	85.98713832207959	94.58051816840228	139.2536171718126	125.01029044041603	119.73203666297789	110.96845096016742	88.70207374968224	125.16047757318037	171.61415556718202	234.82396587016427	142.84186714151218	171.87784191795856	264.38366385138283	384.63860754761976	256.54416501794753	157.5687210477922	284.9850472011589	226.68657997680737	257.2067891717141	239.53122281492278	244.21174609170106	261.64498701697784	208.63177113192356	251.78733896745646	242.78402475665845	231.91326697810916	223.15472181205408	229.23638717998173	150.6025130469217	196.29502718352654	161.25908298221364	214.5168888168607	169.3141572125802	137.45232460033975	157.47579142244558
AT1G09745	101.73282063241423	142.80180094047995	114.43572835606001	75.95968041345078	62.751437255116414	58.57323323128288	61.192055132123514	83.59860670202181	87.65999244876309	123.99294679681944	76.39517749136536	58.023986998212365	62.41975366509418	84.95409880251256	83.10655710859177	63.63221498558435	88.05898720131161	73.50115493689462	79.91772267522914	63.20282873214876	89.35188892146034	46.64439363962682	51.58499796207482	47.20064844269194	52.11185746593273	56.44967485121778	42.19015856399208	32.34592663466239	36.70559170382063	25.17969651592181	75.53620169023694	37.233684468983334	56.158369582143024	60.154751097162404	49.122082967138944	38.09357682951549	42.93953719639643	54.9344128840508	40.57167245014539	29.304373363715804	23.974242662849957	24.084532805785795
AT1G09925	43.72726500866927	52.293617245809564	67.90691572777187	54.437770962973055	28.60727286630307	34.71006413705652	44.653661853171215	41.799303351010906	47.29025908420114	56.273722007787285	38.19758874568268	65.3921123313187	61.428963924378394	73.71017396100355	59.07574541454114	64.59633945506289	56.7491250852897	58.24619825187875	81.01248599954734	62.31264804578046	52.76016298219563	64.9689768551945	73.15690620076066	68.57452698277886	70.35100757900918	70.88041879814563	68.04864284514852	72.77833492799039	86.58754966029483	73.14102321291573	55.0784803991311	75.99752035450024	50.958520546759416	68.88689238546017	64.23657003395093	58.469210947628426	62.218513080492784	55.82045180153549	60.157997081250066	58.60874672743161	63.132172345504884	53.727034720599086
AT1G12820	1104.7827363414808	1281.1936225223342	1111.6613611731545	1212.8228972680974	1208.8879824147427	1134.585221480035	1243.687174577213	1135.7467853374678	1003.4762293476828	1031.0490422104756	1007.8954666758543	1004.828092302376	1106.7121403795268	1096.907334538324	1259.6150462964872	1180.088350641746	1182.9257280709526	1207.915206604438	1185.6286802366185	1178.5992287516192	1263.6910004606534	1267.7279842770004	1253.9844050053462	1215.6393419674434	1070.030139967152	1114.9871867229256	1145.939145512301	1210.54630430224	1125.6381455838327	1165.4602387369523	1216.447581386524	1191.9879534796446	1175.1658819966967	1222.4997803616875	1189.0063159225426	1242.9136812048891	1283.8045304636892	1157.1668262350056	1203.6262826876468	1250.3199301852076	1213.0966787402078	1230.1638294647514
AT1G14510	1290.4005143374648	1316.391249514706	1238.6724442936168	1234.3448067185752	1380.5316196125611	1274.510167532544	1213.9180666750988	1367.434352483071	1406.020142040029	1341.0314092025242	1442.8271021664684	1137.45434829829	1236.5055964132941	1254.3222823194503	1232.5803831406804	1226.3663251767164	1499.9380819956743	1350.7570737459503	1151.6910171827542	1324.5888613160191	1595.5694450260773	1294.3819234996442	1159.2555905658996	1349.2260828429867	1217.6804027872947	1213.4557924784333	1355.5289654753585	1189.5214519897095	1273.4016814171619	1183.445736248325	1309.2941626307736	1209.3296695336917	1364.4403868846603	1291.3866727471477	1287.2504818568207	1269.4905952719928	1275.0413596072817	1339.6908432368518	1268.4476903953503	1372.4214858673568	1235.4726385588676	1197.7423429954245
AT1G15580	1.7847863268844602	0	1.25753547644022	0	2.768445761255136	3.2540685128490487	0	7.165594860173298	2.306841906546397	2.8613756953112177	3.472508067789334	0	2.9723692221473414	1.2493249823898906	2.002567641170886	1.9282489389571014	4.892165955628423	1.3868142440923512	0	1.7803613727365848	0	8.329356007076218	4.689545269279529	4.452891362518108	6.948247662124364	3.3954691639830243	6.804864284514851	5.6605371610659185	5.647014108280097	3.597099502274544	3.147341737093206	5.610555193956393	2.0799396141534454	6.79166544645382	10.076324711207988	7.973074220131148	4.381585428203717	3.5441556699387613	3.730728501162795	9.768124454571934	4.794848532569991	2.7789845545137455
AT1G16060	476.53794927815085	636.5742253191818	541.9977903457348	505.13187474944766	345.1329049031403	311.3058877292257	372.1138487764268	463.3751342912066	491.3573260943826	646.6709071403352	749.1936156255489	642.8689353135275	644.0133314652574	707.1179400326781	921.1811149386076	883.1380140423524	797.4230507674329	913.9105868568595	914.1273758057031	777.1277391995193	765.0223632418366	702.9976469972328	817.8566949623499	610.0461166649808	693.9562352546708	647.261309384264	627.4084870322692	777.1108873977639	693.6415663004052	573.1378540290773	604.2896135218955	714.5807115211733	647.9011898087982	654.9105966223326	642.3657003395093	610.3831264078179	611.6693257772389	559.9765958503243	574.5321891790704	499.8023679255973	529.031621426889	528.0070653576117
AT1G17950	69.60666674849395	130.7340431145239	123.23847669114156	134.19543539709636	52.60046946384758	83.52109182979224	81.03812706686627	105.09539128254171	141.87077725260343	130.66949008587895	246.54807281304272	237.6220419926792	254.6329633639556	262.35824630187705	385.49427092539554	416.5017708147339	430.5106040953012	435.4596726449983	431.33674978137367	316.0141436607438	377.83084458217513	348.16708109578593	388.29434829634505	323.27991291881466	302.2487733024098	270.7886658276462	258.58484281156433	305.6690066975596	342.58552256899253	251.79696515921808	313.160502840774	316.74134322244726	255.8325725408738	238.67852854680567	288.4347948583287	232.10504951937344	247.12141815068964	217.07953478374915	208.92079606511652	185.59436463686674	183.00338565975466	178.78133967371764
AT1G19220	346.2485474155853	314.7673499603537	311.8687981571745	324.0946364307233	356.20668794816083	404.58918509756506	370.46000944853154	365.44533786883824	260.67313543974285	257.5238125780096	250.02058088083206	296.56704465752983	298.22771195544993	309.8325956326929	294.37744325212026	283.4525940266939	244.60829778142113	275.97603457437793	316.38660072796193	332.9275767017414	194.02124451517102	313.1837858660658	326.39235074185524	260.0488555710575	318.7508614999552	337.00031452531516	311.6627842307802	338.014933332222	329.40915631633897	297.3602255213623	319.4551863149604	346.83432108094064	309.91100250886336	314.35708637871966	314.8851472252496	370.30500266831336	368.05317596911226	322.5181659644273	354.41920761046555	289.78769215230074	347.62651861132434	342.74142839002866
AT1G19850	596.1186331794097	791.4437840856178	871.4720851730724	953.2939891888072	423.5722014720358	374.21787897764057	300.99875767693186	416.7987677000802	339.10576026232036	481.66490871072165	544.3156396259782	573.7927603156556	879.8212897556132	833.2997632540571	928.1901016827056	945.8061045584582	1055.7294132246136	1081.715110392034	1035.6461048050242	862.5850850908753	839.0567854910466	844.5966991175285	1008.2522328950988	844.2682023334334	804.2596668908951	866.2690704611691	920.0176512664079	846.6546296622881	964.6982434978498	1400.4707395522223	1312.4415043678669	1061.925083074292	874.6146077515239	996.4343447868675	910.647845775422	1104.713728055949	1037.5594293986403	1030.4632610346948	957.8645426735476	1059.841503321055	1350.5490033405474	1143.0889800899874
AT1G23080	2189.0404299237903	2318.0151490690587	2286.19949616832	2121.807072882392	1815.1776041296175	1887.3597374524481	1842.3770112752863	1848.723473924711	1522.5156583206222	1755.9308850226507	1806.5723222674012	1750.850782279392	1983.5610609129926	1953.944272457789	2392.0670473786236	2477.799886559875	2001.8743090431506	2256.3467751382555	2521.2399359048313	2853.029099810377	2641.4120305925035	3203.4703203215136	3009.750153823602	2570.208894445452	2591.696377972388	2801.686493931493	2773.6626823682536	2309.499161714895	2313.3934463587466	2350.105008152702	2672.093134792132	2743.0514393724984	3234.3061000086077	3089.237540215566	3092.1721457519516	3444.3680630966564	3176.649435447695	3153.412507328013	3372.1122239885212	3350.4666879181736	3205.356244023039	3093.936137358637
AT1G26870	6.246752144095611	9.05081836946704	5.03014190576088	2.531989347115026	40.603871165075326	9.762205538547146	18.19223260684753	7.165594860173298	11.534209532731985	7.630335187496581	4.340635084736668	17.49929766612754	9.907897407157806	7.495949894339344	2.002567641170886	0	4.892165955628423	0	1.0947633243182073	2.670542059104877	2.552911112041724	1.6658712014152437	3.7516362154236234	0.8905782725036216	3.474123831062182	7.215371973463927	2.7219457138059404	7.277833492799038	10.35285919851351	3.597099502274544	6.294683474186412	12.751261804446347	15.59954710615084	20.37499633936146	16.374027655712982	17.717942711402554	16.650024627174126	23.92305077208664	31.711192259883756	17.90822816671521	33.56393972798994	28.716173729975374
AT1G28130	1004.8347020359511	1109.2280735024606	1135.5545352255185	1097.6173819743638	983.721060499325	903.5463570677525	1008.8419900160903	1203.819936509114	993.095440768224	1136.9199429369905	1138.9826462349017	1350.2089672917352	1175.0766324889157	1290.5527068087572	1406.8037679225474	1501.1417989781035	1264.1356829343845	1486.6648696670006	1263.3568762632112	1956.6171486375067	1792.9945710239708	2017.37002491386	1823.295200695881	2195.2754417214273	2232.124561457452	2194.7463808695275	2306.8489924505348	2329.715365861559	2313.3934463587466	2134.279038016229	2028.4617495565712	2175.365263838547	2319.132669781092	2163.6305636560023	2488.852203668373	2133.240302452867	2460.6983764792076	2462.3021516899544	2504.7178474681714	2306.905392021405	2391.8302763303304	2707.657284281226
AT1G30330	738.0091461667242	762.280036006224	599.844422261985	786.1826922792155	1040.0127909781793	879.6831879735262	712.8047503228441	729.6964099276476	534.0339013654909	658.11640992158	665.8534219986049	724.8393296443354	835.235751423403	877.0261376377033	868.113072447579	776.1201979302333	632.0678414671922	647.6422519911281	896.6111626166119	1048.6328485418485	633.1219557863475	1107.804348941137	1083.2849572035714	1025.9461699241722	1062.2133613472622	1060.6596800991972	1136.4123355139802	1238.040341941703	1254.5783010562282	1081.5279170172128	1035.4754315036648	1222.080931338138	1263.5633155982182	1340.8688067141684	1095.8003123438689	1467.9315536397014	1357.4151656575116	1351.2093491641529	1473.1714168966587	1094.0299389120567	1374.5232460033974	1348.7338371240046
AT1G30490	435.48786375980825	403.26424068403145	416.2442427017128	457.02407715426216	389.4280370832225	425.19828567894234	378.7292060880077	367.83386948889597	320.6510250099492	330.0119968592271	378.50337938903743	459.5868176525074	436.9382756556592	423.5211690301729	466.5982603928164	489.77523049510376	364.95558028988034	420.2047159599824	573.6559819427406	640.9300941851706	396.5521927371478	609.7088597179792	649.9709743221428	545.9244810447201	591.4695822383364	604.3935111889783	649.1840527427169	632.3628657076498	656.9359745965846	616.3030480563718	572.8161961509635	638.583191166673	713.4192876546318	678.19630672446	557.9764808831424	713.1471941339528	644.9693750315872	638.8340595064618	700.4442760933148	540.5028864863137	628.9242991887638	627.1241811352686
AT1G31320	145.4600856410835	261.4680862290478	294.26330148701146	177.2392542980518	63.67425250886813	71.58950728267907	85.99964505055196	133.7577707232349	145.331040112423	134.48465767962725	164.94413321999338	156.57266332850955	227.88164036462953	204.88929711194208	292.37487561094935	349.01305795123534	353.2143819963721	363.34533195219603	341.5661571872807	454.8823307341974	625.4632224502224	564.7303372797676	434.25189193528445	654.5750302901619	449.03050516478703	576.3808905861184	543.0281699042852	540.9856229647285	565.6425798460564	546.7591243457307	579.1108796251499	651.8445034432973	637.5014917380311	691.7796376173676	749.4266503960941	674.1677201688672	708.0642051977208	628.2015924966455	778.3232335550881	766.7977696838968	688.8599058458888	650.2823857562165
AT1G32240	130.2894018625656	115.64934583207884	106.89051549741869	129.13145670286633	138.4222880627568	137.75556704394305	165.38393278952302	83.59860670202181	116.49551628059305	85.84127085933653	82.47206660999669	96.7066449970206	104.03292277515696	117.43654834464972	109.13993644381328	126.30030550169013	88.05898720131161	73.50115493689462	157.64591870182187	126.40565746429752	68.07762965444597	133.26969611321948	166.94781158635124	150.50772805311206	132.01670558036292	180.80873298209605	161.95576997145346	177.90259649064316	144.94002877918916	188.24820728570114	129.04101122082145	176.47746337353746	171.59501816765925	190.16663250070695	182.6333853906448	213.50120967240076	224.3371739240303	216.19349586626444	187.9354482460758	226.29488319758315	230.15272956335957	222.31876436109965
AT1G47870	490.81623989322657	490.7554849222128	514.33200986405	527.9197788734829	456.7935506070974	442.5533177474706	486.2287624011976	415.6045018900513	417.53838508489787	477.84974111697335	489.62363755829614	566.4246349825493	484.4961832100167	510.9739177974653	599.7690085306804	547.6226986638168	600.7579793511703	532.5366697314629	605.4041183479686	522.5360628981877	560.7894742784987	479.77090600759016	552.4284327211286	488.9274716044883	533.2780080680449	481.3077539945937	483.14536420055447	511.87428899353233	508.23126974520875	540.7639585086064	440.6278431930488	522.8017339823002	498.1455375897502	614.1606039436097	638.5870785728063	539.5113555622078	558.2139835531535	534.2814672432683	522.7683312254367	558.4111146530289	564.1938439990689	542.8283163150184
AT1G51190	41.94247868178481	36.20327347786816	5.03014190576088	10.127957388460104	114.42909146521228	60.74261223984891	69.46125177159966	22.691050390548778	31.142365738376363	50.55097061716485	29.51631857620934	45.12976766527628	30.714481962189197	24.986499647797814	10.01283820585443	9.641244694785506	16.633364249136637	5.547256976369405	16.42144986477311	44.50903431841462	19.572318525653216	33.31742402830487	50.64708890821892	38.29486571765573	65.1398218324159	65.36278140667322	83.0193442710812	98.65507623572029	99.76391591294838	106.71395190081147	92.84658124424958	131.5930218218863	160.1553502898153	145.53568813829614	134.77084301240686	163.00507294490347	162.11866084353753	190.49836725920844	191.19983568459324	172.57019869743752	195.78964841327465	211.20282614304466
AT1G51950	747.8254709645888	808.5397743390555	879.0172980317137	740.6068840311451	541.6925539522549	645.3902550483947	732.6508222575869	821.6548772998716	772.7920386930431	833.6141192340015	691.0291054900775	714.7081573113142	723.2765107225198	808.3132636062593	782.002663877231	763.5865798270121	924.6193656137718	845.9566888963343	790.4191201577457	717.4856332128437	846.7155188271718	694.6682909901566	588.068976767653	728.4930269079625	650.5296873663935	663.3897879131833	627.4084870322692	656.6223106836466	660.7006506687713	643.8808109071433	651.4997395782937	619.7113236960924	611.502246561113	539.4522840326176	612.1367262058853	571.4036524427323	528.4192026413683	583.899646622411	462.1439930815412	590.971529501602	507.45480303032406	446.49018509187516
AT1G52150	1420.6899162000302	1215.8266009650724	1226.0970895292144	1388.7961568925916	1126.7574248308404	1492.5327578934302	1337.9560162672412	1305.3325303615693	852.3780844688937	1115.936521171375	1092.1037873197456	1208.3725546294384	1251.3674425240308	1089.4113846439848	1220.564977293655	1048.9674227926632	843.40941075034	1037.3370545810787	1182.3443902636639	1300.553982784075	725.0267558198495	1309.3747643123816	1214.5922247433982	1028.6179047416829	1205.520969378577	1118.8070895324065	1231.6804354971882	1255.8306015907674	1295.0485688322356	1147.4747412255795	1117.3063166680881	1237.3824455034735	1185.565580067464	1257.4283455148786	919.464629897729	1202.1624129686631	1169.0069922447517	1187.292149429485	1212.020421815263	823.7784956688998	1128.3876879981378	1000.4344396249485
AT1G53700	67.82188042160949	55.31055670229858	28.92331595812506	65.83172302499068	129.1941355252397	88.94453935120733	110.80723496898041	117.03804938283054	115.34209532731985	29.56754885154925	26.91193752536734	16.578281999489246	16.84342559216827	19.98919971823825	10.01283820585443	4.820622347392753	9.784331911256846	5.547256976369405	2.1895266486364147	9.791987550051216	0.8509703706805747	3.3317424028304874	3.7516362154236234	4.452891362518108	2.6055928732966365	6.790938327966049	2.7219457138059404	4.043240829332799	2.8235070541400487	2.398066334849696	1.573670868546603	5.100504721778539	6.239818842460337	1.9404758418439485	1.2595405889009985	4.429485677850638	6.1342195994852045	14.176622679755045	9.326821252906987	8.14010371214328	7.991414220949985	13.894922772568728
AT1G54990	1294.8624801546757	1409.9163726658655	1291.488934304106	1264.7286788839554	1694.288805888143	1364.5393963880344	1490.1092344336023	1630.1728306894254	1416.4009306194878	1402.0740907024967	1430.6733239292057	1385.2075626239903	1403.949062594261	1395.4960053295079	1378.767820946155	1376.7697424153703	1520.4851790093137	1472.796727226077	1382.686078613896	1189.2813969880385	1398.9952893988648	1386.0048395774827	1272.7425860824642	1173.7821631597733	1292.3740651551316	1274.5742374301278	1159.5488740813307	1059.3290972851933	1080.462032717592	1129.4892437142069	1391.125047795197	1237.8924959756514	1197.005247945308	1235.1128733336732	1238.1283988896816	1162.2970418680075	1153.2332847032183	1261.719418498199	1273.577442084449	1282.8803450337807	1237.8700628251527	1254.2483622705372
AT1G59750	1183.313334724397	1240.9677631024808	1261.3080828695406	1073.563483176771	844.3759571828165	991.4062069146768	952.6114528676525	948.2470531629332	851.2246635156205	990.0359905776813	1116.411343794271	1266.3965416276508	1215.6990118582628	1179.3627833760568	1241.5919375259493	1215.7609560124524	1043.0097817399796	1160.763522305298	1267.735929560484	1202.634107283563	853.5232817926163	1232.7446890472802	1410.6152169992824	1127.472092989585	1287.1628794085384	1290.2782823135492	1326.948535480396	1382.7883636318172	1431.5180764490046	1321.3345505021825	1339.1939091331592	1425.5910697371016	1349.8808095855861	1318.553334532963	1326.2962401127515	1386.4290171672496	1449.4284596497896	1260.8333795807143	1366.3793135508736	1221.0155568214918	1320.9807707230325	1389.492277256873
AT1G63650	40.157692354900355	35.19762699237182	16.34796119372286	18.989920103362696	153.1873321227842	68.33543876983002	85.99964505055196	65.68461955158857	57.67104766365993	41.013051632794124	46.878858915156016	34.99859533225508	26.751322999326074	31.233124559747267	6.0077029235126584	1.9282489389571014	30.33142892489622	15.254956685015864	9.852869918863867	24.925059218312185	10.211644448166895	13.32696961132195	20.63399918482993	8.905782725036216	16.502088197545365	17.826213110910878	9.526809998320791	25.068093141863354	18.823380360933655	23.98066334849696	29.899746502385455	26.522624553248402	56.158369582143024	39.779754757800944	52.90070473384194	57.58331381205829	58.71324473792981	78.85746365613744	70.41750045944775	76.51697489414681	74.32015225483487	88.92750574443986
AT1G64000	78.53059838291625	195.09541818628952	171.0248247958699	148.12137680622902	47.98639319508902	48.81102769273573	82.69196639476151	111.06672033268613	146.48446106569622	165.00599842961356	282.14128050788344	417.22009698714606	322.9974554733445	404.7812942943246	574.7369130160442	568.8334369923449	607.6070116890501	631.0004810620198	780.5662502388818	507.40299122992667	450.163326090024	478.10503480617496	620.8957936526097	366.0276699989885	470.74377910892565	396.4210248950181	386.5162913604436	504.5964555007333	530.8193261783291	326.13702153955865	310.0131611036808	444.2539612669108	300.55127424517286	266.8154282535429	284.6561730916257	279.9434948401603	351.4031513419381	217.96557370123384	240.63198832500026	234.43498690972643	230.95187098545458	202.86587247950342
AT1G65380	206.14282075515516	241.35515651912107	210.00842456551672	227.87904124035234	155.95577788403932	157.27997812103735	127.34562824793271	156.44882111378368	141.87077725260343	222.23351233583793	204.0098489826234	228.41188532629627	226.89085062391374	224.87849683018032	243.31196840226266	252.60061100338027	232.86709948791292	212.18257934612976	241.94269467432383	286.63818101059013	242.52655564396377	278.2004906363457	286.0622614260513	268.9546382960937	243.18866817435273	314.9297649594255	295.3311099479445	294.3479323754278	277.6448603237714	321.34088886985927	243.91898462472346	293.279021502266	258.95248196210395	253.23209736063527	279.6180107360217	252.48068363748638	301.4530774604157	265.8116752454071	319.90996897470967	250.71519433401298	240.54156805059455	258.44556356977836
AT1G67105	22.309829086055753	25.141162137408443	18.8630321466033	26.585888144707774	13.84222880627568	13.016274051396195	11.57687529526661	14.331189720346597	18.454735252371176	22.89100556248974	16.49441332199934	18.42031333276583	17.83421533288405	27.485149612577594	35.044933720490505	42.42147665705623	45.986359982907175	56.8593840077864	39.41147967545547	63.20282873214876	96.15965188690494	49.97613604245731	50.64708890821892	68.57452698277886	63.40275991688482	57.298542142213535	48.99502284850693	60.648612439991986	59.293648136941016	77.93715588261512	66.09417647895732	60.69600618916461	48.87858093260597	83.44046119928979	76.83197592296092	64.67049089661931	86.7553914784336	78.85746365613744	63.42238451976751	74.88895415171817	67.12787945597988	74.10625478703322
AT1G68880	1367.1463263934966	2300.919158815621	2186.8541935295425	1740.7426761415802	322.0625235593475	278.76520260073517	388.6522420553791	612.658360544817	663.2170481320892	1139.7813186323017	1176.312107963637	989.170825969525	1084.9147660837798	1159.3735836578185	2409.0888723285757	2885.6245371493023	3641.728337369798	3044.057265782711	2663.5591680661983	2302.8974356347726	4279.52999415261	2875.2936936427104	2734.9428010438214	2064.360435663395	2221.7021899642655	2300.854792243997	2260.5759153158338	1818.649725033893	1875.7498529670388	2529.9599832664294	3926.3088170237743	2458.4432758972557	2666.482585344717	3494.796991160951	4169.079349262305	3446.1398573677966	3018.0360429467205	2539.3875375111224	2704.7781633430263	3824.2207239649124	3046.327101026134	2523.3179754984812
AT1G70210	935.2280352874571	950.3359287940392	1172.0230640422849	940.6340424532322	430.0319082482978	482.6868294059422	515.9978703033117	665.2060561860878	547.8749528047694	920.4091819917751	969.6978779301716	1143.901457964758	1096.8042429723691	1030.6931104716598	1025.3146322794937	985.3352078070787	915.8134668936407	963.8358996441841	1108.9952475343441	765.5553902767315	696.09376321671	759.6372678453511	734.3827891691743	469.3347496094086	546.3059724345281	519.9312157349005	522.6135770507406	414.8365090895452	479.99619920380826	393.2828789153501	495.7063235921799	432.5228004068201	332.7903382645513	402.6487371826193	351.41182430337864	364.10372271932243	400.47690813781975	305.68342653221816	312.9148530350294	367.9326877888762	288.4900533762945	270.48782997267125
AT1G70940	1374.2854717010343	1319.4081889711952	1325.4423921679918	1459.6918586118124	1275.330680684866	1277.764236045393	1318.1099443324983	1274.2816193008182	1148.8072694601058	1037.7255854995349	1089.4994062689036	1242.4501342950552	1190.9292683403683	1270.563507090519	1253.6073433729746	1239.864067749416	879.6114388219904	1026.24254062834	1394.728475181396	1575.6198148718775	932.6635262659098	1391.0024531817285	1709.8082051793165	1339.429721845447	1517.323583216408	1632.3718005848389	1480.7384683104317	1463.6531802184732	1487.047048513759	1429.2475355704187	1342.3412508702522	1528.1112146448504	1497.5565221904808	1523.2735358474995	1398.0900536801084	1609.675095330922	1657.1156089466458	1655.1206978614016	1718.4668158481124	1509.175228231364	1531.9541061561122	1758.1708948223632
AT1G73590	611.2893169579276	543.0491021680224	640.0855575080719	624.1353740638539	612.7493284911368	476.1786923802441	597.035997370178	435.90702066054234	509.81206134675375	495.97178718727776	592.0626255580815	770.89011297625	731.202828648246	723.3591648037467	810.0386108536234	707.6673605972562	432.4674704775525	649.0290662352204	938.2121689407037	964.955864023229	421.23033348688443	936.2196151953669	1060.7751399110296	708.0097266403792	851.1603386102346	903.6192312649823	915.934732695699	841.8027406670888	793.4054822133536	908.8671409080348	815.1615099071403	928.2918593636941	963.0120413530452	915.9045973503437	940.8768199090459	1088.7675796156868	1041.0646977412032	1045.5259226319347	1238.601862386048	903.5515120479039	1157.156779193558	1075.4670225968196
AT1G74500	373.02034231885216	349.9649769527255	54.07402548692946	173.44127027737926	1351.0015314925063	581.3935742956967	868.2656471449958	709.3938911571565	703.5867814966512	581.8130580466143	266.5149942028314	307.61923265718934	161.49872773667224	223.62917184779045	52.066758670443036	11.569493633742608	191.77290546063415	38.830798834585835	45.98005962136471	146.87981325076825	87.64994818009919	63.30310565377926	106.92163213957328	57.8875877127354	87.7216267343201	123.51019083988251	96.6290728401109	79.24752025492286	92.23456376857492	105.51491873338662	121.17265687808843	78.5477727153895	144.55580318366447	117.39878843155888	125.95405889009986	103.64996486170493	120.9317578184226	164.8032386521524	128.2437922274711	164.43009498529423	158.2300015748097	130.61227406214604
AT1G75820	784.4135906657202	929.2173525986161	955.7269620945672	738.07489468403	407.8843421582567	564.0385422271685	499.4594770243595	579.2189178640083	500.58469372056817	683.8687911793811	683.2159623375516	864.8337109733557	780.742315684035	825.8038133597178	878.1259106534335	896.6357566150522	696.6444320814874	809.8995185499332	1018.1298916159328	1101.1535090375776	724.175785449169	1077.8186673156627	1101.1052292268334	837.1435761534043	769.5184285802733	1058.11307822621	1024.8125612479366	1067.415578943859	962.8159054617565	992.7994626277741	912.7291037570297	1038.4627613541106	1028.5301391988787	1101.2200402464407	939.6172793201449	1030.2983686680584	1174.2648947585963	1055.2723507242663	1239.5345445113387	1209.6194116244912	1163.549910570318	1283.8908641853504
AT1G76420	0	0	0	0	0	1.0846895042830162	0	0	0	0	0	0	0	0	0	0	0	1.3868142440923512	0	0.8901806863682924	0	0	3.7516362154236234	0.8905782725036216	2.6055928732966365	4.668770100476658	0	4.043240829332799	11.294028216560195	7.194199004549088	4.7210126056398085	5.100504721778539	13.519607491997395	20.37499633936146	13.854946477910985	15.946148440262297	14.021073370251894	19.49285618466319	20.052665693750022	16.28020742428656	20.777676974469962	19.45289188159622
AT1G76540	661.2633341106924	838.7091689039456	826.2008080212245	816.5665644445959	570.299826818558	344.93126236199913	358.8831341532649	521.8941589826219	596.3186328422437	924.2243495855233	1144.1914083365857	1026.932468301695	1036.3660687887066	1129.3897840804611	948.2157780944145	1052.8239206705773	983.325357081313	1049.8183827779098	1067.3942412102522	922.2271910775509	970.1062225758551	936.2196151953669	955.7293258791681	749.8669054480495	787.7575786933497	782.6556422980871	781.198419862305	655.81366251778	621.1715519108106	576.7349535313518	712.8729034516111	704.8897525497941	663.5007369149491	614.1606039436097	647.4038626951133	693.65745715141	679.1457413715762	618.4551644043139	714.9008490353206	678.8846495927494	617.7363192794338	697.5251231829502
AT1G77690	2259.5394898357267	2256.670713453782	1760.549667016308	2114.2111048410466	2873.646700182831	2899.3750449485024	3196.8714208214797	3038.2122207134785	2680.5502954069134	1398.2589231087484	1314.344303658263	1395.3387349570116	1395.031954927819	1504.1872787974285	1631.0913437336867	1684.325448179028	1647.6814938556527	1565.7132815802647	1712.2098392336763	1908.5473915736188	1764.9125487915119	2019.0358961152754	1962.105740666555	1920.0867555178083	1783.0940562926648	2034.3104628713295	2001.9910725042694	2041.8366188130635	1975.5137688799873	1900.467570368384	2199.991874228151	2423.7598437891616	1915.6243846353232	1852.1841910400487	1833.8910974398539	2053.5095602515557	2165.379518618277	1820.8099754310388	2168.4859413008744	2015.4896791266758	1930.7256757815164	2030.5113811647102
AT1G77850	248.9776926003822	195.09541818628952	221.3262438534787	211.42111048410467	207.6334320941352	280.9345816093012	238.15286321691312	192.27679541465017	188.00761538353137	203.15767436709646	226.58115142325406	238.5430576593175	243.734276216082	256.1116213899276	259.33250953162974	216.92800563267392	173.18267482924617	199.7012511492986	237.563641377051	219.8746295329682	152.32369635182286	209.8997713783207	221.34653670999379	203.94242440332934	237.97748242775947	226.64756669586689	223.19954853208714	264.42795023836504	256.9391419267444	224.21920230844657	232.90328854489724	241.2538733401249	241.27299524179966	286.2201866719824	233.01500894668473	195.78326696099822	258.5135402640193	274.672064420254	239.69930619970958	273.50748472801416	220.5630324982196	250.10860990623712
AT1G79580	58.89794878718718	61.3444356152766	13.832890240842419	17.72392542980518	166.10674567530816	58.57323323128288	67.80741244370444	38.216505920924256	74.9723619627579	54.366138210913135	42.53822383041935	45.12976766527628	26.751322999326074	26.235824630187704	12.015405847025317	12.533618103221158	33.266728498273274	19.415399417292917	15.326686540454903	47.179576377519496	35.740755568584134	24.988068021228656	37.516362154236234	26.71734817510865	35.60976926838737	56.87410849671566	31.302375708768317	25.87674130772991	32.9409156316339	28.77679601819635	31.473417370932058	34.173381635916215	36.398943247685295	30.077375548581202	21.412190011316977	29.234605473814213	28.918463826144535	56.70649071902018	37.30728501162795	42.32853930314505	54.3416167024599	55.57969109027491
AT1G79840	260.5788037251312	209.17446898323826	167.25221836654924	229.14503591390985	495.5517912646693	372.04849996907456	423.3828679411789	352.30841395852053	296.429184991212	149.7453280546204	138.90032271157338	134.46828732919056	161.49872773667224	152.41764785156667	99.12709823795886	78.09408202776261	83.16682124568318	58.24619825187875	88.6758292697748	104.15114030509021	35.740755568584134	59.97136325094877	106.92163213957328	85.49551416034768	83.37897194549237	104.410676792478	85.74128998488713	62.2659087717251	80.94053555201472	79.13618905003996	56.6521512676777	69.87691468836599	70.717946881217145	72.76784406914807	46.60300178933695	69.98587371004008	75.36326936510393	66.45291881135178	66.22043089563961	34.18843559100177	82.31156647578484	79.6642238960607
AT1G80100	12.493504288191222	11.062111340459715	13.832890240842419	17.72392542980518	34.144164388813344	9.762205538547146	9.92303596737138	8.359860670202181	12.687630486005185	31.475132648423397	33.85695366094601	32.2355483323402	22.788164036462952	26.235824630187704	7.008986744098101	24.10311173696377	22.503963395890743	34.67035610230878	24.084793135000563	28.485781963785357	41.69754816334816	36.64916643113536	30.013089723388987	26.71734817510865	33.872707352856274	45.41440006827295	35.38529427947723	63.883205103458224	63.99949322717443	56.35455886896786	69.24151821605052	58.145753828275346	83.19758456613782	70.82736822730412	83.12967886746591	73.5294622523206	86.7553914784336	118.72921494294852	97.93162315552337	105.82134825786262	87.10641500835484	92.63281848379152
AT1G80370	162.41555574648586	149.84132633895433	163.47961193722858	173.44127027737926	250.08293376671395	145.34839357392417	150.49937883846593	131.36923910317714	133.79683057969103	253.7086449842613	243.0755647452534	244.06915165914725	210.0474250317455	254.8622964075377	210.26960232294303	218.856254571631	186.88073950500575	177.51222324382096	206.9102682961412	218.09426816023162	200.82900748061562	233.2219681981341	211.96744617143472	225.31630294341628	243.18866817435273	238.53170876980747	228.643439959699	248.25498692103386	257.8803109447911	254.19503149406776	250.21366809890986	265.22624553248403	309.91100250886336	310.47613469503176	329.9996342920616	317.1511745341057	365.42422471219004	376.56653993099343	411.31281725319815	363.0486255615902	364.40848847531936	374.23658667451775
AT2G01420	1020.0053858144689	831.6696435054713	609.9047060735066	863.4083673662238	1093.5360756957787	940.425800213375	1053.4956518692616	1011.543141094464	784.326248225775	704.8522129449966	631.9964683376588	676.025499312506	648.9672801688363	702.1206401031186	449.5764354428639	335.51531537853566	303.3142892489622	312.03320492077904	349.22950045750815	270.6149286559609	122.53973337800275	201.57041537124448	272.9315346720686	206.6141592208402	228.42364189233845	252.11358542573956	183.731335681901	223.99554194503705	217.41004316878374	205.034671629649	154.2197451175671	200.4498355658966	251.6726933125669	233.82733894219578	168.7784389127338	238.30632946836434	280.4214674050379	253.40713040062144	290.53048202805263	187.22238537929542	245.33641658316455	268.6351736029954
AT2G14878	505.0945305083022	706.9694793039255	548.285467727936	555.7716616917481	759.4769538376589	510.88875651730064	575.5360861075401	642.5150057955391	628.6144195338932	915.6402224995896	766.5561559644956	626.2906533140382	616.2712187252155	630.9091161068948	819.0501652388924	920.7388683520159	1110.5216719276518	947.194128715076	770.713380320018	1914.778656378197	2346.9762823370247	1384.3389683760674	1132.9941370579343	2632.5493735207056	1896.0030808021857	1682.4549707535887	1755.6549854048317	2152.6214175367822	2126.1008117674564	1482.004994937112	1658.6490954481194	1574.0157571408572	1922.9041732848602	1602.8330453631013	1754.540040339091	1498.9379533846559	1639.589267233831	1876.6304272325742	1650.8473617645368	1546.6197053072228	1428.8648627058574	1624.7796362057034
AT2G14960	114.22632492060545	173.97684199086643	155.93439907858726	159.51532886824663	83.05337283765408	66.166059761264	112.46107429687565	120.6208468129172	147.6378820189694	261.3389801717579	263.04248613504205	271.699621658296	221.93690192033483	262.35824630187705	209.2683185023576	185.11189813988173	118.39041612620782	152.54956685015864	212.38408491773222	222.5451715920731	108.07323707643297	196.57280176699874	217.59490049457017	187.91201549826417	218.0012703991519	234.28737231482867	254.50192424085546	211.0571712911721	167.52808521230955	149.879145928106	196.70885856832535	221.87195539736643	187.1945652738101	221.21424597021013	190.1906289240508	185.15250133415668	195.4187100978858	186.95421158926968	187.46910718343045	159.54603275800827	170.2171229062347	183.41298059790722
AT2G22490	1161.8958988017835	1096.1546691910082	1302.806753592068	1392.5941409132643	1181.2035248021914	1222.4450713269594	1346.2252129067174	1187.1002151687098	1268.7630486005185	938.5312280620794	1140.7189002687962	1211.1356016293532	1190.9292683403683	1135.6364089924107	1258.613762475902	1311.2092784908289	1145.7452668081764	1406.2296435096441	1368.4541553977592	1502.6249985896775	1142.0022374533312	1585.909383747312	1463.1381240152132	1332.3050956654179	1539.9053881183122	1501.2218041259946	1649.4991025664	1275.2381575715647	1262.1076532006016	1549.1508523129035	1598.8496024433487	1362.8548616592257	1351.9607491997394	1509.6902049545918	1395.5709725023064	1541.461015892022	1393.344166168782	1380.4486334411476	1396.225141560176	1551.5037675345088	1555.129207396867	1565.4946323760767
AT2G23050	226.66786351432643	187.0502463023188	26.40824500524462	46.84180292162798	672.7323199849981	247.3092069765277	332.4217049069413	203.02518770491014	235.2978744677325	278.5072343436252	189.25168969451872	213.67563466008363	113.94082018231477	139.92439802766776	24.030811694050634	12.533618103221158	121.32571569958488	36.057170346401136	24.084793135000563	104.15114030509021	63.822777801043095	36.64916643113536	66.59154282376932	65.01221389276438	92.93281248091337	107.80614595646102	59.882805703730696	71.16103859625726	103.52859198513511	65.94682420836664	111.7306316668088	88.74878215894658	168.47510874642907	134.8630710081544	108.32049064548588	125.79739325095812	128.8186115891893	233.91427421595827	191.19983568459324	198.618530576296	181.40510281556467	193.6025906311243
AT2G23170	793.3375223001425	1741.779712879657	1413.4698755188072	1583.7593366204487	304.5290337380649	280.9345816093012	433.3059039085503	580.4131836740372	525.9599546925785	1007.2042447495487	1224.0590938957403	1060.0890323006736	1257.3121809683255	1294.3006817559267	2194.814134723291	2339.9300874244427	2354.110257848397	2689.032819295069	2266.160081338689	1921.9001018691433	2078.0696452019633	2468.821120497391	2386.9785420632807	1420.4723446432765	2035.8365650024386	2440.493461612799	2104.064036771992	1755.5751680963012	1585.8697954086606	2257.7794542609886	3973.5189430801724	2240.651724277312	2420.009741067534	3350.231540943577	3976.3696391604526	3688.8756725140115	2891.8463826144534	2972.6605681611363	2984.582800930236	3510.0127206761817	3270.885840634829	2927.197064087812
AT2G23380	777.2744453581824	658.6984480001012	663.9787315604361	782.384708258543	893.2851656316572	891.6147725206393	793.8428773897105	771.4957132786585	574.4036347300529	569.4137633669324	557.3375448801881	697.2088596451866	702.4699261674884	634.6570910540645	606.7779952747785	568.8334369923449	529.3323563989953	547.7916264164787	637.1522547531966	640.0399134988022	407.61480755599524	689.6706773859108	718.4383352536239	505.8484587820571	676.5856160993599	649.8079112572512	645.101134172008	655.0050143519135	688.9357212101718	736.2063647988566	654.6470813153868	698.7691468836598	720.6990763041689	781.0415263421893	649.9229438729153	785.7907592507032	765.024815764369	723.0077566675074	810.5007668776173	687.0247533048927	872.6624329277385	756.8101270125768
AT2G25170	1186.882907378166	1023.7481222352718	1117.9490385553556	1157.119131631567	1261.4884518785902	1262.5785829854308	1243.687174577213	1134.552519527439	865.0657149548989	1073.9696776401438	1081.6862631163776	1243.3711499616934	1252.3582322647467	1191.8560331999558	1192.5290303172626	1198.4067155618384	1103.6726395897722	1137.187680155728	1353.1274688573042	1334.3808488660702	946.279052196799	1405.9952939944656	1444.3799429380952	1123.9097798995706	1437.4187351019777	1296.2203533505196	1501.1530611639762	1389.2575489587498	1434.3415835031446	1402.868805887072	1436.7615029830486	1371.0156692140713	1448.6779412578749	1451.4759296992734	1304.8840501014345	1560.9507528745648	1487.1100943323415	1462.8502527672238	1408.8163502516004	1404.98190071593	1630.2485010737971	1577.5368987789695
AT2G26700	35.695726537689204	32.18068753588281	15.09042571728264	32.91586151249534	100.58686265893661	58.57323323128288	52.922858492647364	40.605037540982025	50.75052194402074	44.82821922654241	29.51631857620934	46.05078333191457	22.788164036462952	27.485149612577594	15.019257308781645	14.46186704217826	22.503963395890743	22.18902790547762	15.326686540454903	30.266143336521942	22.12522963769494	23.32219681981341	22.50981729254174	25.826769902605026	38.215362141684004	42.018930904289924	35.38529427947723	57.41401977652574	53.64663402866092	52.75745936669331	55.0784803991311	51.00504721778539	76.95776572367748	62.09522693900635	61.71748885614893	74.41535938789072	77.11590353638542	93.0340863358925	109.12380865901176	78.14499563657547	95.89697065139983	95.41180303830527
AT2G27230	1205.6231638104528	1264.0976322688966	1179.5682769009263	1257.1327108426103	1238.4180705347974	1207.259418266997	1170.9182441498228	1267.1160244406449	937.7312350111105	1128.3358158510569	1180.6527430483736	1342.840841958629	1422.774067667861	1311.7912315093852	1442.8499854636234	1447.1508286873045	1303.2730105794117	1517.1747830370323	1553.4691572075362	1501.7348179033092	1233.9070374868331	1704.1862390477943	1695.7395693714777	1669.8342609442905	1816.0982326877556	1687.1237408540653	2029.2105296423288	1955.3112650653416	2053.630797377862	2051.545749463915	2148.060735566113	1951.453106552469	2094.4991914525194	2147.136519000329	1968.6619404522608	2257.265901432685	2162.750567361355	2173.4534645899453	2082.212844711485	2225.5043548999724	2357.4671951802457	2267.6513964832166
AT2G30590	174.90906003467708	184.0333068458298	171.0248247958699	153.18535550045905	227.01255242292115	206.09100581377308	208.38375531479898	171.97427664415918	173.0131429909798	161.19083083586526	190.9879437284134	169.46688266144562	164.47109695881957	172.4068475698049	166.21311421718354	158.11641299448232	129.15318122859034	160.87045231471276	153.26686540454904	172.69505315544873	171.89601487747606	198.238672968414	178.2027202326221	203.05184613082574	185.86562496182674	199.0593797385048	209.58981996305744	217.5263566181046	221.17471924097046	244.60276615466898	195.13518769977875	208.61064312074225	253.75263292672034	238.67852854680567	256.9462801358037	269.3127292133188	274.2872478055527	289.73472601749376	296.5929158424422	302.81185809172996	306.8703060844794	292.71970640878124
AT2G33310	1280.5841895396002	1459.193050455186	1736.6564929639437	1511.5976402276704	932.9662215429807	1059.741645684507	1243.687174577213	1216.956860419432	1362.1901458156474	1363.9224147650139	1357.7506545056297	1456.1257689551387	1426.737226630724	1435.4744047659844	1496.9193117752372	1716.1415556718202	1713.2365176610735	1539.3638109425099	1661.8507263150389	1883.6223323553068	2086.579348908769	1860.778131980827	1812.978201103466	1762.4544012846673	1829.1261970542387	1704.9499539649762	1731.1574739805783	1787.9210947309637	1768.456584909717	1592.316046340198	1787.6901066689409	1684.6967096034514	1667.0716007439864	1944.3567935276362	1986.2955086968748	1694.721220345654	1826.2448064753094	1810.1775084212225	1811.268687314537	2218.9922719302576	1710.1626432832968	1756.3182384526872
AT2G34650	58.005555623744954	71.400900470239975	59.104167392690336	55.70376563653057	85.82181859890922	106.29957141973559	67.80741244370444	69.26741698167523	74.9723619627579	98.24056553901848	102.43898799978537	65.3921123313187	81.244758738694	84.95409880251256	63.08088069688291	53.990970290798835	45.986359982907175	62.40664098415581	50.359112918637535	82.7868038322512	51.058222240834475	71.63246166085548	64.71572471605751	64.12163562026076	80.77337907219572	94.6487029460268	110.23880140914059	97.03777990398717	65.8818312632678	68.34489054321634	59.79949300477091	68.34676327183243	95.6772222510585	73.73808199007004	70.53427297845592	99.2204791838543	70.10536685125948	136.44999329264232	136.171590292442	86.28509934871876	108.6832334049198	127.8332895076323
AT2G34655	31.233760720478053	30.169394564890133	11.31781928796198	24.053898797592748	46.1407626875856	34.71006413705652	34.73062588579983	45.382100781097556	51.90394289729394	20.029629867178524	12.15377823726267	8.289140999744623	5.944738444294683	1.2493249823898906	5.006419102927215	8.677120225306956	4.892165955628423	0	1.0947633243182073	7.121445490946339	16.16843704293092	6.663484805660975	8.441181484703153	4.452891362518108	5.211185746593273	9.337540200953317	8.165837141417821	8.895129824532157	5.647014108280097	2.398066334849696	6.294683474186412	5.100504721778539	7.279788649537059	1.9404758418439485	5.038162355603994	4.429485677850638	2.6289512569222304	1.7720778349693806	2.3317053132267467	1.6280207424286557	0.7991414220949985	2.7789845545137455
AT2G34710	731.7623940226287	595.3427194138319	671.5239444190775	753.2668307667202	622.9002962824056	695.2859722454134	598.6898366980732	653.263398085799	528.266796599125	576.0903066559919	621.5789441342909	729.4444079775268	721.2949312410882	742.0990395395951	742.9525948743988	769.3713266438834	577.2755827641539	679.5389796052522	939.3069322650219	1056.644474719163	632.2709854156669	901.2363199656468	1057.961412749462	927.9825599487738	1100.4287234889462	1204.5426859229779	1147.300118369204	1352.8683814947544	1308.224935084889	1083.9259833520625	1098.4222662455288	1321.0307229406417	1322.8415946015914	1328.2557137421827	1139.8842329554038	1422.750799725625	1429.2731666800526	1370.702205348816	1457.3158207667168	1212.8754531093484	1423.2708727511924	1249.6167213463477
AT2G36010	115.11871808404769	107.60417394810814	119.4658702618209	129.13145670286633	155.95577788403932	120.4005349754148	124.03794959214225	84.79287251205069	146.48446106569622	131.623281984316	131.9553065759947	152.8886006619564	153.572409810946	143.67237297483743	132.16946431727848	104.12544270368348	96.86488592144276	97.07699708646459	174.06736856659498	139.7583677598219	51.90919261151505	144.9307945231262	181.95435644804573	89.05782725036217	132.88523653812845	133.69659833183158	146.9850685455208	145.55666985598077	145.88119779723584	158.27237810007992	100.71493558698259	176.9875138457153	145.59577299074118	144.56545021737415	154.92349243482283	178.06532424959565	165.6239291861005	161.25908298221364	187.0027661207851	190.4784268641527	180.60596139346967	186.19196515242095
AT2G36930	702.313419629035	823.6244716215006	734.4007182410885	767.1927721758528	859.1410012428438	659.4912186040739	807.0735920128723	747.6103970780808	780.8659853659555	918.5015981949009	921.0827649811209	734.0494863107183	800.5581104983507	914.5058871094	748.9602977979114	806.972180953547	986.26065665469	945.8073144709836	863.7682628870656	910.6548421547631	1210.079867107777	1006.1862056548072	968.8600526331508	1015.2592306541286	1021.3924063322814	1035.1936613693244	1046.5881269583842	969.5691508740052	997.6391591294838	1022.7752918133953	1111.0116331939016	1057.3346288246912	1113.80766337917	1197.2735944177161	1293.5481848013255	1285.4367437122553	1268.0308229221557	1319.311948134704	1291.7647435276178	1435.9142948220745	1433.6597112384275	1596.9897906605659
AT2G38120	2753.925302382722	2614.680862290478	2750.230086974761	2920.6497118971824	3248.309693206026	3054.4856440609738	3487.9471425310403	2828.021438148395	2899.700276528821	2557.116079709792	2515.832095113373	3001.590057574192	2766.2849560784593	2903.431259074106	2932.7603104947625	2755.467733769698	2120.2647251693584	2119.0521649731127	2979.9457687941604	3392.4785957495624	2167.4215341234235	2765.3461943493044	3189.828692163936	2704.686213593499	2880.048655950549	3024.089724172381	2813.1308952184395	2512.4698513474013	2574.0972643576774	2455.6199268860887	2308.5751641578663	2773.1444172309916	2302.493152867864	2524.559070238977	2126.1045140648857	2510.632482205742	2450.1825714515185	2268.2596287608076	2424.040843630526	1934.088642005243	2067.378858959761	2111.101933245609
AT2G39700	915.5953856917281	1329.4646538261586	1375.7438112256007	1505.2676668598829	607.2124369686264	547.7681996629232	669.8049277975682	711.7824227772143	896.2080806932753	1137.8737348354275	1494.046596166361	1576.778821284755	1588.2359543673963	1824.0144742892405	2332.991301964082	2740.041742258041	2208.32371237067	2529.5491812244486	2763.1826305791556	4952.965338953179	3817.4530828730576	5582.334395942481	4594.816454840083	4602.508512298717	4823.820939429839	5102.541286175489	5454.779210467105	4935.988404449481	5566.073572728083	5794.92729816429	5243.471333997281	5606.47479017897	7141.472665195855	7617.337917158419	7676.899889351586	8332.74845717262	7727.364061180076	7642.0856633054545	8951.883038540127	8464.07983988658	8267.917152994854	7854.336679240683
AT2G42360	257.00923107136225	388.1795434015864	404.9264234137508	372.2024340259088	172.56645245157014	202.83693730092403	178.61464741268486	260.34994658629654	347.1797069352328	409.17672442950413	611.1614199309229	513.9267419841666	550.879095837974	588.4320667056385	538.6906954749684	471.4568655750113	446.16553515331213	513.12127031417	441.1896197002376	350.7311904291072	440.80265201253764	314.8496570674811	433.3139828814285	439.9456666167891	403.8668953609786	406.60743238696716	391.9601827880554	422.1143425823442	377.4087762367198	377.6954477388271	344.633920211706	438.1333556007765	363.9894324768529	304.6547071694999	337.5568778254676	335.75501438107835	325.98995585835655	326.9483605518507	346.02506848284924	297.927795864444	339.63510439037435	307.54095736618785
AT2G42430	231.1298293315376	284.5979553954636	321.9290819686963	339.2865725134135	166.10674567530816	195.2441107709429	246.42205985638927	272.2926046865853	306.8099735706708	377.70159178108077	414.96471410082546	343.53884365608275	446.846173062817	462.25024348425956	473.60724713691457	435.7842602043049	498.0224942829734	538.0839267078323	484.98015267296586	443.3099818114096	565.0443261319016	441.4558683750396	480.2094355742238	499.61441087453176	399.5242405721509	491.4941614865428	461.3697984901069	373.5954526303506	316.2327900636854	344.1225190509314	407.58075495357014	383.55795507774616	318.23076096547715	320.1785139042515	343.85458076997264	344.6139857367796	304.08202871733795	254.29316931810615	247.16076320203516	317.4640447735879	256.52439649249453	256.5929072001025
AT2G42440	66.92948725816726	89.50253720917406	91.80008978013606	82.28965378123834	69.2111440313784	91.11391835977336	92.61500236213288	113.4552519527439	108.42156960768067	134.48465767962725	144.9772118302047	112.36391132987156	122.85792784875679	147.4203479220071	98.12581441737342	92.55594906994087	92.95115315694002	95.69018284237224	76.63343270227452	68.54391285035851	95.30868151622435	79.9618176679317	62.83990660834569	48.09122671519557	41.68948597274618	40.74562996779629	43.55113142089505	21.833500478397113	24.470394469213755	27.577762850771503	33.04708823947866	29.582927386315525	21.839365948611178	27.16666178581528	25.190811778019974	16.832045575832424	21.031610055377843	16.834739432209116	10.725844440843035	17.90822816671521	14.384545597709973	13.894922772568728
AT2G45420	66.92948725816726	60.33878912978027	82.99734144505452	84.82164312835337	54.446099971351	72.67419678696209	66.15357311580921	74.04448022179075	84.1997295889435	45.78201112497948	83.34019362694403	67.23414366459528	94.12502536799916	93.6993736792418	105.13480116147151	94.48419800889796	52.835392320786966	92.91655435418754	122.61349232363922	116.6136699142463	39.99560742198701	74.96420406368597	103.16999592414965	81.04262279782957	86.85309577655454	103.13737585598436	110.23880140914059	82.48211291838909	61.17598617303438	51.55842619926846	84.97822690151656	84.1583279093459	55.1183997750663	61.12498901808438	52.90070473384194	67.3281823033297	75.36326936510393	62.90876314141302	70.41750045944775	71.63291266686085	63.132172345504884	64.84297293865407
AT2G46130	26.7717949032669	78.44042586871434	54.07402548692946	56.969760310088084	16.610674567530815	14.100963555679211	14.88455395105707	35.827974300866494	54.21078480384033	90.61023035152189	150.1859739318887	141.83641266229688	108.98687147873586	151.16832286917676	245.31453604343355	321.05344833635735	381.58894453901695	305.0991337003173	289.01751762000674	224.32553296480967	406.7638371853147	261.54177862219325	244.79426305639143	200.38011131331487	250.1369158364771	172.74449371763637	163.31674282835644	208.63122679357244	199.52783182589675	155.87431176523023	210.87189638524478	184.63827092838312	245.43287447010655	157.17854318935983	173.81660126833782	157.6896901314827	159.4897095866153	147.0824603024586	133.37354391656993	187.22238537929542	167.81969863994968	116.71735128957732
AT2G47000	12220.431980177898	10883.106266041366	10445.089667312466	11155.945063388805	10134.357116701301	11937.007994634594	11474.337256937106	11753.964102304268	8881.34134020363	8196.887575168203	7860.022011441158	8365.585300075601	8568.34967771007	8599.103853789618	9051.605738092405	8231.694720407866	7007.538514842152	7470.768332925497	8210.724932386554	6662.1122567803	5269.208535254118	7049.966924389311	7356.958618445726	5767.384892733454	6653.815667441844	6184.847082195079	6437.40161315105	6115.806078448792	6238.068251613414	5540.732266670222	6629.875369186838	6140.497634549183	5844.630315771182	6038.760819818367	5462.627534063631	6933.916880107389	6004.524670810374	6827.815898137024	5759.3121236700645	5636.207810288006	6971.709766356767	7262.4129691292555
AT3G02260	3526.737781923693	3295.5035329714988	3483.3732697394094	3561.243016717284	3049.904413649408	3346.2671207131048	3779.0228642406005	3142.1133461859913	2493.696100976655	2770.7654649596957	2791.0283594856774	3346.9709325635513	3514.3312103188737	3345.6923028401275	3499.4869529461234	3380.2203899917986	2692.648141977884	3350.543213727121	3566.7389106287196	3316.8132374082575	2395.4815934658177	3611.608764668248	3568.7439499217217	2879.239555004209	3345.581249312881	3457.8609098712122	3429.651599395485	3275.0250717595673	3363.7380704988445	3679.8327908268584	3328.313886976065	3402.0366494262857	2965.9938897828133	3127.076819131523	3165.2254999082097	3519.669319620117	3272.167997782536	3048.8599150648197	3385.169773742591	3164.8723232813068	3375.573366929274	3357.0133418526048
AT3G03315	135.64376084321898	117.66063880307152	149.64672169638618	154.45135017401657	110.73783045020544	157.27997812103735	170.3454507732087	193.47106122467906	178.78024775734576	146.88395235930918	110.25213115231136	122.49508366289277	107.0052919973043	132.4284481333284	135.1733157790348	144.6186704217826	180.03170716712594	151.1627526060663	110.57109575613894	145.98963256439995	234.01685193715804	144.9307945231262	127.5556313244032	153.17946287062293	158.07263431332927	136.66763385031672	136.09728569029704	105.12426156265278	95.99923984076165	93.52458705913814	122.74632774663503	110.17090199041644	101.91704109351883	106.72617130141717	128.47314006790185	97.44868491271404	86.7553914784336	119.6152538604332	91.40284827848848	110.70541048514859	127.86262753519976	92.63281848379152
AT3G11280	2249.723165037862	2973.6966576126706	3204.2003939696806	2481.3495601727254	1119.3749028008267	1560.8681966632603	1296.6100330698603	1732.8796903519094	2004.645616788819	2667.755939928492	2650.3917827402092	2645.156994585173	2813.8428636328167	2912.176533950835	3746.8040566307277	4203.582686926481	4394.143461345449	4080.0075061196976	3807.5868419787253	4049.431942289362	5576.408839069805	4292.950086047083	4262.796649775092	4391.441461715358	3983.0829723127913	4047.823677113263	3891.0213978855923	3996.3392357125385	3992.4389745540284	3769.760278383722	3978.239955685812	3943.7102508791663	3982.044391296771	4064.32665074215	4308.888354630316	3729.6269407502373	3997.7585446930716	3549.47190344367	3712.5411997196265	4021.2112337987796	3514.6239743738033	3344.971075449712
AT3G12280	1091.3968388898475	959.3867471635062	1013.5735940108173	915.3141489820819	885.9026436016435	783.1458220923377	792.1890380618152	773.8842448987162	584.7844233095117	782.1093567183996	922.8190190150156	1002.0650453024612	1040.3292277515695	1129.3897840804611	1125.443014338038	1064.39341430432	798.4014839585585	937.4864290064295	1212.9977633445737	1000.5630914779606	721.6228743371273	994.5251072449005	1138.6215913810697	832.6906847908862	970.1490798241143	917.6255415664124	939.0712712630495	917.0070200926788	948.6983701910563	839.3232171973935	895.4187242030171	961.4451400552546	1024.3702599705719	960.5355417127545	884.197493408501	1112.6868022760802	1066.4778932247848	1013.6285216024858	979.782572617879	822.1504749264711	997.3284947745582	957.8233431224044
AT3G12965	213.281966062693	346.9480374962365	171.0248247958699	213.95309983121967	490.93771499591077	304.7977507035275	208.38375531479898	316.480439657654	336.798918355774	433.02152189043096	383.7121414907214	223.80680699310483	241.75269673465044	306.08462068552325	239.30683311992087	243.92349077807333	463.77733259357444	302.3255052121326	229.90029810682356	334.7079380744779	550.5778298303318	328.176626678803	247.60799021795916	309.0306605587567	211.9215536947931	561.5257129936927	428.7064499244356	304.05171036582647	202.3513388800368	197.84047262509992	503.5746779349129	586.0479925323541	367.10934189808313	358.01779282020846	340.07595900326965	351.7011628213407	305.83466288861945	345.55517781902927	756.871544673402	366.30466704644755	291.68661906467446	202.86587247950342
AT3G14370	102.62521379585645	76.42913289772167	59.104167392690336	67.09771769854818	192.8683880341078	164.87280465101847	178.61464741268486	152.86602368369702	145.331040112423	43.87442732810534	40.80196979652468	34.07757966561678	26.751322999326074	34.98109950691694	15.019257308781645	7.7129957558284055	18.590230631388007	9.707699708646459	4.379053297272829	11.572348922787802	5.956792594764022	9.995227208491462	9.379090538559058	3.5623130900144866	9.553840535421001	14.430743946927853	12.248755712126732	5.6605371610659185	11.294028216560195	9.592265339398784	6.294683474186412	7.140706610489954	8.319758456613782	14.553568813829614	13.854946477910985	7.973074220131148	9.639487942048177	17.72077834969381	8.394139127616288	16.28020742428656	16.78196986399497	9.263281848379153
AT3G15540	236.48418831219098	244.37209597561008	236.41666957076134	217.75108385189222	248.23730325921053	224.53072738658435	296.0372396932462	327.228831947914	294.12234308466566	350.04162672640564	283.87753454177806	253.27930832553017	225.90006088319797	263.60757128426695	236.30298165816455	241.03111736963768	274.93972670631734	235.75842149569974	226.61600813386892	256.3720376740682	290.180896402076	226.55848339247314	246.67008116410324	227.98803776092714	254.47957062530483	300.92345465799553	270.8335985236911	187.60637448104188	203.2925078980835	170.2627097743284	265.9503767843759	243.2940752288363	207.99396141534456	198.8987737890047	260.7249019025067	221.4742838925319	232.224027694797	195.81460076411656	192.5988588725293	224.6668624551545	162.2257086852847	206.5711852188551
AT3G20840	62.467521440956105	54.30491021680224	15.09042571728264	10.127957388460104	201.17372531787322	56.403854222716845	107.49955631318996	44.187834971068675	63.43815243002592	88.70264655464776	65.10952627105002	75.5232846643399	42.60395885077856	56.21962420754508	9.011554385268987	5.784746816871304	39.13732764502738	15.254956685015864	13.137159891818488	51.630479809360956	19.572318525653216	58.30549204953353	49.709179854363015	55.21585289522454	69.48247662124363	80.21795899909895	69.40961570205148	86.5253537477219	136.46950761676902	83.93232171973936	70.81518908459714	91.29903451983584	152.87556164027825	131.9523572453885	170.03797950163482	144.4012330979308	169.1291975286635	195.81460076411656	219.64664050595957	170.94217795500884	226.95616387497958	239.91899987302006
AT3G23030	1496.5433350926198	1449.1365856002226	1590.7823776968783	1402.7220983017244	1194.1229383547152	1550.0213016204302	1582.7242367957351	1719.7427664415916	1748.586165162169	1640.522065311765	1412.4426565733118	1350.2089672917352	1232.542437450431	1326.7831312980638	1083.3890938734494	1039.3261780978776	1525.377344964942	1323.0207888641032	1091.4790343452528	937.3602627458118	1527.4918153716314	1077.8186673156627	937.9090538559059	1015.2592306541286	1050.0539279385446	991.4769958830431	1042.5052083876753	955.0134838884071	918.5809616135624	1058.7462868361408	1197.563530963965	933.9024145576504	983.8114374945796	1100.2498023255187	1249.4642641897906	1024.0970887190676	1086.6331861945218	1015.4005994374552	837.5485485110474	1330.0929465642116	1121.994556621378	1129.1940573174186
AT3G25710	530.0815390846847	713.0033582169035	753.2637503876917	616.5394060225088	358.97513370941596	339.50781484058405	396.9214386948552	413.21597026999353	480.9765375149238	616.1495663903489	546.9200206768202	740.4965959771863	553.8514650601213	632.1584410892847	751.9641492596677	878.3173916949597	877.654572439739	898.6556301718437	857.1996829411563	1088.6909794284215	1171.7862004271512	1196.095522616145	1138.6215913810697	1332.3050956654179	1371.4103823117962	1371.345108603644	1424.9385811774098	1371.4672893096854	1440.9297666294715	1398.0726732173728	1419.4511234290358	1493.9378330089341	1573.4743181070814	1741.5770680549438	1888.051342762597	1621.1917580933336	1829.7500748178722	1823.468092183493	1890.080326901601	2162.011545945255	1760.5085528752818	1893.4148098086987
AT3G26810	3112.6673540864986	3227.1195719577477	3165.2167942000337	3158.6567105259946	2871.8010696753277	3199.834037634898	3021.564452064585	3176.747054676829	2756.6760783229447	2438.8458843035946	2469.821363215164	2780.546297581002	2756.3770586713017	2726.0271115747414	2624.3648937544463	2520.2213632169314	2321.8219625412494	2813.8461012633807	2723.7711509037	2439.095080649121	1937.6595340396684	2423.8425980591796	2391.66808733256	2361.8135786796047	2286.842011796681	2133.627935917833	2102.703063915089	2292.517550231697	2394.333981910761	2263.774620098113	2212.5812411765237	2126.910468981651	2043.5406709057602	2088.9222437450103	2053.0511599086276	2054.395457387126	1992.7450527470505	1904.0976336745996	1925.9885887252929	1847.8035426565243	1762.1068357194717	1652.5694817508409
AT3G28860	2186.3632504334637	2043.4736585285582	1007.2859166286162	1683.7729158314921	4225.571046929089	3245.3909968147846	3322.5632097415173	2872.209273119464	2130.368500695598	1509.8525752258859	1249.234777387213	1325.3415442925013	1216.6898015989784	1268.064857125739	888.138748859288	880.2456406339168	831.6682124568318	775.2291624476244	874.7158961302476	1302.3343441568118	759.0655706470726	1117.7995761496286	1087.036593418995	954.6999081238824	1187.2818192655006	1159.128285854705	1150.0220640830098	1081.1625977635904	1119.9911314755525	983.2071972883754	1133.0430253535542	1131.29194729048	1289.5625607751363	1251.6069179893468	958.51038815366	1271.2623895431332	1247.8755299524187	1398.1694117908414	1448.9216816391006	1030.5371299573392	1311.3910736578925	1194.0370302560727
AT3G44750	1483.1574376409865	1583.893214656732	1403.4095917072855	1604.015251397369	2235.0585445866463	1309.2202316696005	1683.608435797344	1439.0903010848042	1725.517746096705	1931.428594335072	2043.5709978940233	1877.029928608838	1653.6280772546377	1871.4888236200563	1581.0271527044144	1798.092135577497	2320.843529350124	1983.1443690520623	1724.2522358011765	1791.9337216593726	2608.224186135961	2069.0120321577324	2014.6286476824857	1753.548618559631	1909.8995761264346	1905.7070682854724	1890.3912982382258	1742.6367974424363	1770.3389229458103	2095.909976658634	2338.474910660252	2040.7119391835934	2559.3656952158144	2601.207865991813	3133.7369851856847	2952.6951528552354	2705.190843372975	3039.9995258899726	2895.045316902329	3461.1720984033223	3287.667810498824	2772.5002572198805
AT3G50630	788.8755564829314	717.0259441588888	748.2336084819309	731.7449213162424	716.1046369113285	886.1913249992242	853.3810931939387	822.8491431099004	900.821764506368	716.2977157262416	818.6437769813356	642.8689353135275	640.0501725023943	664.6408906314218	590.7574541454114	534.124956091117	591.9520806310392	563.0465831014947	583.5088518616045	449.54124661598763	477.39437795180237	391.4797323325823	487.7127080050711	454.194918976847	408.2095501498064	367.55953700116237	345.6871056533545	374.40410079621716	393.40864954351343	339.326386381232	321.028857183507	387.1283083829911	385.82879842546413	402.6487371826193	391.7171231482106	316.26527739853555	394.3426885383345	313.6577767895804	323.64069747587246	369.56070853130484	348.4256600334194	336.2571310961632
AT3G50870	11.601111124748991	11.062111340459715	10.06028381152176	3.797984020672539	45.217947433833885	21.693790085660325	18.19223260684753	16.719721340404362	21.914998112190773	20.029629867178524	21.70317542368334	15.657266332850956	6.9355281850104635	17.49054975345847	5.006419102927215	5.784746816871304	7.827465529005476	6.934071220461757	5.473816621591037	24.034878531943892	26.380081491097815	31.65155282688963	23.447726346397648	33.84197435513762	26.055928732966365	40.74562996779629	39.46821285018614	38.00646379572831	56.47014108280097	51.55842619926846	55.0784803991311	68.34676327183243	77.9977355307542	63.065464859928326	74.31289474515891	80.61663933688162	71.85800102254096	64.6808409763824	106.79210334578501	74.88895415171817	75.91843509902486	93.55914666862944
AT3G54220	1267.1982920879666	1263.0919857834	1183.340883330247	1109.0113340363814	1490.3466348090149	1245.2235509169027	1289.9946757582795	1013.9316727145217	1008.0899131607755	807.8617379762005	810.8306338288096	972.5925439700358	913.5081409399497	959.4815864754361	854.0950989593829	768.4072021744049	581.1893155286566	590.7828679833417	902.0849792382029	934.689720686707	411.0186890387175	857.9236687288504	940.7227810174736	716.0249310929117	760.8331190026179	825.9478741388707	766.2277184363722	849.8892223257543	803.7583414118671	932.8478042565317	739.6253082169034	871.1662064797745	893.3340642789049	841.1962774393517	850.1898975081741	990.4329975674027	1054.2094540258145	917.9363185141392	967.6577049890999	696.7928777594647	986.1405148652282	964.3076404162698
AT3G54610	390.86820558769676	358.01014883669626	472.8333391415227	398.7883221706166	418.95812520327723	402.419806088999	418.4213499574932	346.3370849083761	379.4754936268823	309.0285750936115	394.99779271103677	452.2186923194011	463.6895986549853	452.2556436251404	455.5841383663766	472.4209900444898	383.5458109212683	418.8179017158901	532.0549756186488	440.6394397523047	279.96925195390907	483.10264841042067	518.6637067823159	449.74202761432895	462.9270004890357	478.33671847610856	495.39411991268116	459.31215821220593	510.1136077813021	520.380394662384	435.906830587409	466.6961820427363	512.7051148888243	451.160633228718	444.6178278820525	513.820338630674	512.6454950998349	456.3100425046155	456.547900329797	376.0727915010195	483.48056036747414	432.5952623193064
AT3G58190	61.575128277513876	85.47995126718871	109.40558645029914	82.28965378123834	27.68445761255136	28.201927111358422	51.26901916475213	65.68461955158857	65.74499433657232	99.19435743745555	100.7027339658907	70.91820633114844	93.13423562728337	102.44464855597104	112.14378790556961	116.65906080690463	128.17474803746467	135.90779592105042	104.0025158102297	175.3655952145536	217.84841489422712	171.5847337457701	144.4379942938095	162.08524559565913	146.78173186237717	185.05306943707484	205.5069013923485	139.89613269491485	124.23431038216214	101.91781923111208	184.11949161995256	150.97493976464474	149.75565221904807	141.65473645460824	186.4120071573478	148.83071877578143	156.86075832969308	184.2960948368156	150.1618221718025	188.85040612172406	150.2385873538597	125.98063313795647
AT3G58780	23.202222249497982	20.112929709926753	26.40824500524462	16.45793075624767	28.60727286630307	36.87944314562255	31.42294723000937	38.216505920924256	43.829996224381546	15.260670374993161	22.571302440630674	23.025391665957287	26.751322999326074	22.487849683018034	13.016689667610759	12.533618103221158	19.56866382251369	9.707699708646459	13.137159891818488	6.231264804578046	4.254851853402873	9.995227208491462	4.689545269279529	6.234047907525351	1.737061915531091	1.6977345819915122	2.7219457138059404	4.043240829332799	5.647014108280097	0	0	3.0603028330671234	3.1199094212301683	0.9702379209219743	1.2595405889009985	0	0.8763170856407434	3.5441556699387613	3.2643874385174456	1.6280207424286557	2.3974242662849954	0
AT3G61198	68.71427358505171	73.41219344123266	66.64938025133166	56.969760310088084	48.90920844884074	70.50481777839606	47.96134050896167	59.713290501444156	68.05183624311871	101.1019412343297	98.0983529150487	90.25953533055257	82.23554847940979	64.96489908427432	90.11554385268987	136.9056746659542	149.70027824222973	135.90779592105042	86.48630262113838	191.38884756918287	322.5177704879378	174.9164761486006	146.31381240152132	374.93345272402473	241.45160625882164	203.30371619348358	285.8042999496238	327.50250717595674	290.821226576425	330.933154209258	267.5240476529225	249.41468089497056	313.03091193009357	213.45234260283434	246.86995542459573	230.33325524823317	279.5451503193972	252.52109148313676	241.56467045029098	275.1355054704428	265.3149521355395	290.8670500391054
AT3G61830	96.37846165176084	156.88085173742869	160.96454098434816	78.4916697605658	49.832023702592444	45.55695917988668	79.38428773897104	56.130493071357506	50.75052194402074	110.63986021870042	119.80152833873203	139.073365662382	133.75661499663036	152.41764785156667	236.30298165816455	211.1432588158026	164.37677610911499	171.96496626745156	247.41651129591486	231.446978455756	185.51154080836528	339.8377250887097	313.26162398787255	244.01844666599231	284.87815414709894	305.5922247584722	308.9408385169743	345.29276682502103	353.87955078555274	344.1225190509314	321.028857183507	359.07553241320915	449.2669566571442	421.0832576801368	361.4881490145866	408.39857949782885	416.25061567935313	388.97108477577905	435.5625525107563	392.35299892530605	402.76727673587925	463.16409241895764
AT3G62980	1582.213078783074	1485.3398590780907	1459.9986881470954	1444.4999225291222	1907.4591295047887	1699.7084532114864	1551.3012895657257	1495.2207941561617	1449.8501382644106	1393.489963616563	1320.4211927768943	1317.0524032927567	1459.4332880743448	1406.739930171017	1403.799916460791	1232.1510719935877	913.8566005113893	1237.0383057303773	1253.5040063443473	1370.8782570071703	928.4086744125069	1189.432037810484	1341.2099470139453	1277.0892427701933	1223.7601194916535	1375.1650114131248	1346.0021554770376	1366.6154003144861	1226.3432305148276	1297.3538871536855	1175.5321388043124	1305.219158303128	1301.0022286529802	1296.2378623517575	1165.0750447334237	1309.3559663726487	1320.6098480606004	1303.3632476199796	1404.152939625147	1108.6821255939146	1282.6219824624727	1247.7640649766718
AT3G63440	49.08162398932265	75.42348641222533	84.25487692149474	98.747584537486	22.14756609004109	29.28661661564144	36.38446521369506	53.74196145129974	59.97788957020632	55.31993010935021	87.68082871168069	78.28633166425477	69.35528185010463	98.69667360880136	90.11554385268987	95.44832247837651	87.08055401018592	87.36929737781813	93.05488256704763	133.52710295524386	116.58294078323873	153.26015053020242	149.12753956308904	69.46510525528248	112.9090245095209	142.60970488728702	134.73631283339407	107.55020606025245	101.64625394904175	118.70428357505995	144.77771990628747	133.63322371059772	135.19607491997397	181.43449121240917	191.4501695129518	173.635838571745	159.4897095866153	161.25908298221364	207.05543181453513	227.9229039400118	194.99050699117964	198.23423155531387
AT4G01630	771.0276932140868	683.8396101375097	352.1099334032616	330.42460979851086	654.2760149099638	726.7419678696209	921.1885056376432	797.7695610992939	702.433360543378	173.59012551554721	91.15333677947002	70.91820633114844	76.2908100351151	51.22232427798552	35.044933720490505	34.70848090122782	82.18838805455749	31.89672761412408	21.895266486364147	37.38758882746828	26.380081491097815	29.985681625474385	25.32354445410946	27.60792644761227	40.82095501498064	40.74562996779629	31.302375708768317	32.34592663466239	29.17623955944717	26.378729683346656	55.0784803991311	32.13317974720479	44.71870170429908	43.66070644148884	47.86254237823795	46.06665104964664	32.42373216870751	25.69512860705602	40.57167245014539	66.74885043957488	34.36308115008494	41.68476831770619
AT4G03190	991.4488045843176	713.0033582169035	228.87145671212002	692.4990864359596	2997.3039441855603	1758.2816864427693	2331.9134523322746	1736.462487781996	1649.3919631806739	737.2811374918571	593.7988795919762	627.2116689806764	385.41720913843864	482.2394432024978	158.2028436525	126.30030550169013	266.1338279861862	148.38912411788158	176.2568952152314	325.806131210795	139.55914079161425	184.91170335709205	321.70280547257573	235.1126639409561	350.0179759795148	421.038176333895	283.08235423581783	299.1998213706271	362.3500719479729	323.73895520470893	228.18227593925744	316.74134322244726	490.8657489402131	375.482075396804	343.85458076997264	411.05627090453925	411.8690302511494	629.9736703316148	637.0218915735472	449.333724910309	553.005864089739	502.06987618215004
AT4G03270	25.879401739824672	33.186334021379146	28.92331595812506	27.851882818265285	30.452903373806496	33.6253746327735	38.03830454159029	26.273847820635428	26.528681925283568	24.798589359363888	15.626286305052004	19.34132899940412	20.806584555031392	24.986499647797814	16.02054112936709	12.533618103221158	22.503963395890743	11.09451395273881	19.705739837727734	22.25451715920731	28.082022232458964	26.6539392226439	19.696090130974024	26.71734817510865	20.84474298637309	32.25695705783873	24.497511424253464	38.00646379572831	29.17623955944717	28.77679601819635	44.06278431930488	43.86434060729544	59.27827900337319	64.0357027808503	65.49611062285193	47.83844532078689	63.97114725177427	71.76915231625992	75.08091108590125	87.9131200911474	77.51671794321486	75.03258297187114
AT4G04890	0	0	1.25753547644022	0	0	0	1.6538393278952301	0	0	0	0.8681270169473335	0	0	1.2493249823898906	2.002567641170886	4.820622347392753	1.956866382251369	2.7736284881847024	5.473816621591037	30.266143336521942	43.39948890470931	61.63723445236401	50.64708890821892	61.449900802749895	108.56636972069319	94.6487029460268	130.65339426268514	199.73609696904026	224.9393953131572	242.2046998198193	182.54582075140593	231.56291436874568	351.5097947919323	380.3332650014139	369.0453925479926	406.6267852266886	414.49798150807163	438.58926415492175	486.86006940174474	405.3771648647353	485.0788432116641	450.1954978312268
AT4G11140	24.09461541294021	31.17504105038647	25.1507095288044	30.38387216538031	23.0703813437928	11.931584547113179	36.38446521369506	25.079582010606543	32.29578669164956	38.151675937482906	46.878858915156016	49.73484599846774	34.677640925052316	52.47164926037541	78.10013800566456	83.87882884463392	93.92958634806571	74.88796918098697	78.82295935091093	100.59041755961704	83.39509632669632	89.95704487642315	83.47390579317562	81.04262279782957	89.45868864985118	87.85776461806076	78.93642570037228	92.99453907465437	65.8818312632678	73.14102321291573	116.45164427244862	107.11059915734931	67.59803745998698	82.47022327836781	105.80140946768388	94.79099350600366	99.023830677404	78.85746365613744	68.085795146221	76.51697489414681	86.30727358625984	74.10625478703322
AT4G13260	20.525042759171292	16.090343767941405	31.438386911005498	13.925941409132642	10.150967791268831	7.592826529981114	11.57687529526661	14.331189720346597	9.227367626185588	17.168254171867307	14.75815928810467	23.946407332595577	22.788164036462952	11.243924841509017	16.02054112936709	19.282489389571012	18.590230631388007	16.641770929108215	14.231923216136696	37.38758882746828	21.274259267014365	28.319810424059142	30.950998777244894	48.09122671519557	41.68948597274618	27.588186957362073	31.302375708768317	49.32753811786014	47.058450902334144	47.96132669699392	42.48911345075828	41.82413871858402	32.239064019378404	26.196423864893305	27.70989295582197	27.462811202673958	30.67109799742602	23.03701185460195	32.17753332252911	45.58458078800236	26.371666929134953	41.68476831770619
AT4G14550	734.4395735129553	604.3935377832989	441.3949522305172	567.1656137537658	828.6880978690374	664.9146661254889	947.6499348839668	974.5209009835686	936.5778140578373	620.9185258825343	571.2275771513455	474.3230683187201	437.929065396375	499.7299929559563	432.55461049291137	400.11165483359855	408.9850738905361	457.64870055047595	433.5262764300101	384.5580565111023	423.78324459892616	368.15753551276885	344.21262276511743	393.63559644660074	359.57181651493585	356.0998285727197	338.88224136883963	333.9716925028892	299.2917477388451	276.9766616751399	346.20759108025266	338.16346305391716	357.74961363439263	339.58327232269096	362.7476896034876	342.8421914656394	361.91895636962704	373.02238426105464	303.1216907194771	361.42060481916155	344.4299529229444	330.69916198713577
AT4G14560	66.03709409472502	66.37266804275829	25.1507095288044	40.511829553840414	117.19753722646742	62.91199124841494	94.26884169002811	72.85021441176187	101.50104388804148	114.4550278124487	64.24139925410269	60.787033998127235	71.3368613315362	77.45814890817323	45.057771926344934	57.84746816871304	83.16682124568318	65.18026947234051	42.695769648410085	96.13951412777557	138.70817042093367	96.62052968208413	60.026179446777974	121.11864506049254	135.4908294114251	134.9698992683252	141.54117711790892	102.69831706505309	81.8817045700614	98.32071972883753	121.17265687808843	108.64075057388288	105.036950514749	88.29165080389966	128.47314006790185	106.30765626841531	106.9106844481707	125.81752628282604	86.73943765203498	118.84551419729186	111.08065767120479	117.64367947441524
AT4G21750	0.8923931634422301	0	0	0	1.8456305075034238	0	1.6538393278952301	0	5.767104766365993	0	1.736254033894667	0.9210156666382915	0.9907897407157805	2.4986499647797813	0	0	0	1.3868142440923512	0	1.7803613727365848	3.4038814827222987	4.997613604245731	0	4.452891362518108	8.685309577655454	13.15744301043422	8.165837141417821	33.15457480052895	38.587929739913996	32.373895520470896	31.473417370932058	39.7839368298726	77.9977355307542	83.44046119928979	60.457948267247936	87.70381642144264	76.23958645074468	112.52694252055568	130.57549754069782	113.9614519700059	149.43944593176474	133.3912586166598
AT4G23750	154.3840172755058	163.92037713590304	106.89051549741869	141.79140343844145	284.2270981555273	162.70342564245243	253.0374171679702	208.99651675505453	155.7118286918818	172.63633361711015	169.28476830473005	205.386493660339	152.5816200702302	197.39334721760272	136.17459959962025	147.51104383021826	141.87281271322425	128.97372470058866	176.2568952152314	202.07101580560237	168.49213339475378	196.57280176699874	195.08508320202841	210.1764723108547	229.292172850104	249.14254990725442	235.44830424421386	295.96522870716086	228.70407138534392	215.82597013647262	237.62430115053704	292.76897103008815	376.46907016177363	383.2439787641798	357.7095272478836	370.30500266831336	403.98217648038275	435.9311474024677	371.67382692834343	346.7684181373037	388.3827311381693	363.1206484564628
AT4G23980	743.3635051473776	752.2235711512607	880.274833508154	659.5832249234643	460.48481162210425	518.4815830472818	597.035997370178	597.1329050144416	487.897063234563	588.4896013356738	658.0402788460789	807.7307396417816	883.7844487184763	729.6057897156961	920.1798311180221	830.1111682210321	655.5502380542086	802.9654473294714	997.3293884538868	956.054057159546	645.8865113465562	1036.1718872802815	963.2325983100153	894.1405855936362	1076.109856671511	1104.3763455854787	1099.6660683776	1141.002562037716	1227.2843995328744	1028.7704576505196	1084.2592284286095	1178.7266412030203	924.53315849120645	999.3450585496334	939.6172793201449	1056.8752827351623	1006.8883314012143	946.2895638736493	995.1718276851756	861.2229727447589	906.2263726557284	948.5600612740252
AT4G27260	689.8199153408439	832.6752899909676	755.7788213405722	703.8930384979772	577.6823488485717	654.0677710826587	709.4970716670537	674.760182666319	723.1949377022955	929.9471009761457	958.4122267098562	823.3880059746326	872.8857615706027	948.237661633927	986.2645632766613	973.7657141733362	684.9032337879792	923.618286565506	934.927878967749	1169.6974218879361	944.5771114554378	1284.386696291153	1148.9385909734847	1082.0526010919002	1218.5489337450604	1449.8653330207515	1435.8263640326336	1388.4489007928833	1102.1089201326656	1099.5134145285856	1164.516442724486	1307.2593601918395	1488.1967939267902	1311.761669086509	1461.0670831251584	1451.9854051994391	1562.4733636974456	1895.2372444997527	1745.5145974815428	1652.4410535650854	1535.150671844492	1639.60088716311
AT4G28640	322.15393200264504	358.01014883669626	340.7921141152996	367.13845533167876	268.53923884174816	340.5925043448671	335.7293835627317	349.91988233846274	355.25365360814516	407.26914063263	308.18509101630343	313.1453266570191	318.04350676976554	362.3042448930683	334.42879607553795	301.7709589467864	339.51631732061253	291.23099125939376	312.0075474306891	318.6846857198487	362.51337790992477	276.53461943493045	295.44135196461036	242.23729012098508	271.8501897806157	252.11358542573956	270.8335985236911	254.72417224796632	221.17471924097046	218.22403647132234	232.90328854489724	231.56291436874568	282.8717875248686	262.934476569855	289.69433544722966	224.1319752992423	254.1319548358156	279.10225900767745	249.49246851526192	258.85529804615624	242.13985089478456	227.87673347012714
AT4G28720	326.61589781985623	280.57536945347823	182.34264408383189	243.07097732304248	375.58580827694675	477.2633818845271	568.9207287959591	414.41023608002246	400.2370707857999	238.44797460926816	164.94413321999338	174.0719609946371	151.59083032951443	134.9270980981082	107.1373688026424	71.34521074141276	72.40405614330065	98.46381133055694	58.022456188864986	60.532286673043885	31.485903715181262	51.642007243872555	38.45427120809214	44.52891362518108	38.215362141684004	39.04789538580478	31.302375708768317	22.642148644263674	31.058577595540534	20.383563846222415	4.7210126056398085	18.871867470580593	14.559577299074117	11.642855051063691	20.152649422415976	15.946148440262297	8.763170856407434	29.239284276994784	15.38925506729653	13.024165939429245	15.98282844189997	18.526563696758306
AT4G30080	418.5323936544059	458.57479738633003	397.38121055510953	362.0744766374487	454.947920099594	273.3417550793201	325.8063475953603	340.3657558582317	316.0373411968564	395.8236378513851	442.74477864314014	489.05931898493276	449.8185422849644	473.49416832576856	516.6624514220886	487.84698155614666	414.8556730372902	495.0926851409694	617.4465149154689	567.9352779029705	405.91286681463413	584.7207916967506	562.7454323135436	657.2467651076728	647.924094493097	664.2386552041792	702.2619941619326	706.7584969673733	697.4062423725919	711.0266682829348	602.715942653349	670.7163709138779	741.4984724457033	723.7974890077927	564.2741838276473	698.0869428292606	686.1562780567021	735.412301512293	716.2998722232567	595.855591728888	689.6590472679837	654.9140266804061
AT4G31820	367.66598333819877	339.9085120977622	294.26330148701146	263.3268920999627	310.0659252605752	350.3547098834142	378.7292060880077	262.7384782063543	262.9799773462893	201.2500905702223	184.04292759283473	203.5444623270624	171.40662514383004	149.91899788678688	191.2452097318196	227.53337479693795	157.5277437712352	178.89903748791332	233.18458807977817	237.67824326033406	208.4877408167408	293.1933314490829	279.49689804905995	217.30109849088367	297.0375875558166	280.97507331959525	293.9701370910416	293.5392842095612	292.70356461251833	249.3988988243684	281.6870854698419	307.5604347232459	339.03015710701163	342.49398608545687	377.86217667029956	360.56013417704196	375.0637126542382	388.97108477577905	426.23573125784935	398.86508189502064	342.83167007875437	355.7100229777594
AT4G32280	18.74025643228683	20.112929709926753	27.665780481684838	20.255914776920207	9.22815253751712	17.35503206852826	13.230714623161841	20.302518770491012	14.99447239255158	20.029629867178524	16.49441332199934	20.262344666042413	24.769743517894515	27.485149612577594	33.04236607931962	20.246613859049564	25.439262969267798	13.868142440923513	24.084793135000563	24.034878531943892	22.12522963769494	23.32219681981341	14.068635807838588	10.68693927004346	8.685309577655454	12.308575719438464	9.526809998320791	7.277833492799038	9.411690180466827	11.99033167424848	14.163037816919426	12.241211332268493	9.359728263690505	5.8214275255318455	8.81678412230699	9.744868491271404	6.1342195994852045	9.746428092331595	5.1297516890988435	9.768124454571934	12.786262753519976	14.821250957406644
AT4G32880	1197.5916253394728	823.6244716215006	988.4228844820129	1130.533243486859	1042.7812367394345	1260.4092039768648	1131.2261002803373	1012.7374069044929	754.3373034406718	722.020467116864	694.5016135578669	906.2794159720788	945.2134126428547	855.7876129370751	1023.3120646383228	886.9945119202666	653.5933716719572	854.2775743608884	1046.5937380482062	1207.9751914017727	708.0073484062381	1122.7971897538741	1256.7981321669138	1049.9917832817698	1189.0188811810317	1213.4557924784333	1227.597516926479	1415.1342902664796	1270.5781743630218	1158.2660397324032	1131.4693544850074	1283.2869879994805	1332.2013228652818	1300.1188140354454	1098.3193935216707	1420.0931083189146	1282.9282133780484	1235.1382509736584	1336.5334855415713	1012.6289017906239	1318.5833464567477	1319.0913352091914
AT4G33430	4446.795133432633	4066.83438734719	4499.461934703107	4562.644803501276	3610.0532726766974	4523.155232860177	4275.17466260917	4202.62138549164	4000.0638659514525	3612.963711279631	3530.6725779248054	3731.955481218357	3799.6786556450184	3698.0019478740764	3426.3932340433857	3479.5252103480893	2992.048698462343	3483.6773811599865	3410.187755251216	3068.4528259115036	2787.7789343495624	3098.520434632353	3169.194692979106	3092.0877621325744	2891.3395584015007	3078.4172307961094	3029.525579466012	2806.0091355569625	2911.03577281839	3080.3162071144343	2875.0966768346434	3065.403337788902	2711.201287049016	2710.844751055996	2629.920749625285	2766.6567543855085	2740.2435267986048	2593.435911477689	2714.5713256585786	2468.079445521842	2462.9538628967853	2475.1489098869097
AT4G34160	203.46564126482846	183.02766036033347	149.64672169638618	159.51532886824663	286.0727286630307	223.44603788230134	208.38375531479898	242.43595943586325	257.21287257992327	172.63633361711015	153.65848199967803	165.78281999489246	185.27768151385095	188.64807234087348	206.26446704060126	243.92349077807333	196.66507141626258	210.7957651020374	239.75316802568742	466.4546796569852	436.5478001591348	536.4105268557084	401.42507505032773	538.799854864691	512.4332650816718	521.2045166713942	602.9109756080159	684.9249964889761	687.9945521921252	654.672109413967	546.0637913856713	599.8193552811562	760.2179289730843	727.6784406914807	780.9151651186191	840.7163816560511	761.519547421806	877.1785283098435	783.452985244187	846.570786062901	804.7354120496635	758.6627833822525
AT4G37490	126.71982920879667	142.80180094047995	132.0412250262231	73.42769106633575	199.32809481036978	91.11391835977336	90.96116303423766	96.73553061233953	117.64893723386625	208.8804257577189	185.77918162672938	193.4132899940412	151.59083032951443	194.89469725282294	185.23750680830696	182.21952473144609	205.47097013639373	209.40895085794506	160.93020867477648	150.4405359962414	192.31930377380988	204.90215777407496	192.27135604046072	184.34970240824967	185.86562496182674	207.1236190029645	183.731335681901	218.33500478397113	208.93952200636357	220.62210280617202	267.5240476529225	223.40210681390002	259.99245176918066	237.70829062588368	273.3203077915167	255.13837504419675	245.36878397940816	286.19057034755497	284.9343892763085	341.8843559100177	309.26773035076445	265.85618904848167
AT4G37590	2207.7806863560772	2025.3720217896241	1848.5771503671233	1931.9078718487647	3108.0417746357657	2836.463053700087	2968.641593571938	2648.881566644063	1970.0429881906232	2059.23670872564	1737.9902879285619	2036.3656389372625	1885.4728765821303	1750.3043003282369	1715.199184662864	1674.6842034842425	1790.5327397600026	1773.7354181941173	1629.0078265854925	1751.8755907727993	1593.0165339140358	1749.1647614860058	1621.6447541168613	1611.0560949590515	1785.6996491659615	1611.574551955443	1630.4454825697585	1470.1223655454057	1703.515922664496	1546.752785978054	1658.6490954481194	1368.97546732536	1763.7887928021216	1713.4401683482065	1657.555414993714	1650.4263635671477	1554.586509926679	1930.6788011991403	1603.7469144373565	1810.3590655806652	1804.4613310905067	1699.8122191775744
AT4G37650	966.4617960079352	791.4437840856178	915.4858268484801	968.4859252714974	1168.2841112496674	1169.2952856170914	1137.8414575919182	1086.7818871262837	997.7091245813167	560.8296362809987	679.7434542697622	826.1510529745475	754.9817824254247	750.8443144163243	684.878133280443	611.2549136494011	438.3380696243067	545.0179979282941	595.5512484291048	664.0747920307462	225.50714823035227	732.9833286227072	708.121335661209	587.7816598523902	710.4583234522162	728.7525693198565	695.4571298774179	676.8385148303105	667.2888337950981	709.82763511551	764.8040421136491	809.4500993462541	731.098774374936	805.2974743652386	801.0678145410351	762.7574337258799	837.7591338725507	832.876582435609	966.2586818011639	776.5658941384688	1002.1233433071282	978.2025631888384
AT4G37750	86.56213685389632	127.71710365803489	106.89051549741869	121.53548866152124	24.916011851296222	26.03254810279239	56.230537148437826	41.799303351010906	56.51762671038673	82.02610326558825	98.96647993199603	124.33711499616935	125.83029707090412	129.92979816854864	174.22338478186708	204.39438752945276	166.33364249136636	230.2111645193303	205.81550497182297	272.39529002869745	225.50714823035227	339.8377250887097	313.26162398787255	274.29810793111545	351.7550378950459	323.8428715148809	406.9308842139881	392.1943604452815	425.40839615710064	366.9041492320035	385.54936279391774	411.1006805753502	393.1085870750012	450.19039530779605	482.40404554908247	473.06907039444815	467.953323732157	463.39835384449304	470.07179114651217	527.4787205468845	465.1003076592892	472.42737426733675
AT4G37780	0	1.0056464854963378	2.51507095288044	2.531989347115026	0.9228152537517119	1.0846895042830162	1.6538393278952301	2.388531620057766	3.4602628598195957	0	4.340635084736668	1.842031333276583	1.981579481431561	0	0	3.8564978779142027	2.9352995733770535	0	0	0	0	0	1.8758181077118117	0.8905782725036216	0.8685309577655455	1.6977345819915122	5.443891427611881	4.851888995199359	2.8235070541400487	1.199033167424848	1.573670868546603	4.0804037774228314	1.0399698070767227	4.851189604609871	6.2977029445049935	8.858971355701277	9.639487942048177	14.176622679755045	16.788278255232576	17.90822816671521	13.585404175614975	13.894922772568728
AT4G38210	137.42854717010343	157.886498222925	177.31250217807101	186.1012170129544	156.87859313779103	129.07805100967892	147.19170018267548	132.56350491320603	193.77472014989735	200.29629867178525	246.54807281304272	197.09735266059437	220.94611217961906	227.3771467949601	245.31453604343355	232.35399714433072	179.05327397600027	252.40019242480793	201.43645167455014	236.78806257396576	220.40132600626882	198.238672968414	208.2158099560111	276.0792644761227	219.738332314683	247.86924897076076	266.7506799529822	220.76094928157082	175.057437356683	175.0588424440278	209.29822551669818	232.07296484092353	190.31447469504025	194.04758418439485	215.38144070207076	201.09864977441896	212.06873472505993	224.16784612362667	227.10809750828514	218.15477948543986	169.4179814841397	185.26563696758305
AT4G39400	1747.3058140198864	1416.9558980643399	1096.570935455872	1536.9175336988208	2576.50018847478	2132.49956542041	2254.1830039211986	1851.1120055447689	1442.9296125447713	980.4980715933107	1024.3898799978535	1143.901457964758	1130.4910941567057	1130.639109062851	919.1785472974367	967.9809673564649	780.7896865182962	719.7565926839303	943.6859855622947	1141.2116399241509	626.3141928209029	987.8616224392395	1042.9548678877673	1045.5388919192517	1050.92245889631	992.3258631740389	973.0955926856237	1078.7366532659908	999.5214971655771	914.862306745159	813.5878390385938	953.7943829725868	1132.527119906551	996.4343447868675	862.7853033971841	1032.9560600747689	1091.0147716227257	1228.049939633781	1143.4682856063966	898.667449820618	1173.9387490575527	1151.4259337535286
AT5G00580	10.70871796130676	5.028232427481688	7.54521285864132	10.127957388460104	11.073783045020544	13.016274051396195	23.15375059053322	19.108252960462128	27.682102878556766	28.613756953112176	10.417524203368004	18.42031333276583	17.83421533288405	14.991899788678689	7.008986744098101	14.46186704217826	15.654931058010952	11.09451395273881	10.947633243182073	8.901806863682923	5.956792594764022	16.658712014152435	9.379090538559058	9.796360997539837	13.896495324248727	8.064239264459683	8.165837141417821	4.043240829332799	7.529352144373463	9.592265339398784	9.442025211279617	5.100504721778539	6.239818842460337	1.9404758418439485	3.778621766702996	3.5435885422805105	3.5052683425629736	3.5441556699387613	6.062433814389542	9.768124454571934	6.393131376759988	3.705312739351661
AT5G02470	434.59547059636606	452.540918473352	435.1072748483161	424.10821564176683	415.2668641882704	386.14946352475374	385.3445633995886	404.85610959979135	439.45338319708867	458.7739031482319	408.0196979652468	372.0903293218698	432.9751166927961	428.5184689597325	416.5340693635443	383.7215388524632	478.4538304604597	441.0069296213677	368.93524029523587	372.9857075883145	492.71184462405273	403.14083074248896	422.99698328901354	398.0884878091189	369.99418800812236	357.7975631547112	401.4869927863762	338.014933332222	379.29111427281316	354.913817557755	459.5118936156081	354.4850781636085	395.1885266891546	423.0237335219808	489.96128908248846	382.7075625662951	438.15854282037174	433.2730306500136	374.9382143668609	472.12601530431016	437.9294993080592	465.94307697347136
AT5G03150	721.9460692247641	601.3765983268099	818.6555951625832	712.7550012128797	729.0240504638524	782.0611325880546	762.419930159701	629.3780818852214	734.7291472350274	381.51675937482906	400.20655481272075	610.6333869811873	624.1975366509417	589.6813916880284	551.7073851425791	522.5554624573745	325.8182526448529	413.27064473952066	608.6884083209233	666.745334089851	309.7532149277292	674.6778365731736	791.5952414543846	578.8758771273541	691.3506423813742	759.3117917957038	677.7644827376793	672.7952740009778	671.9946788853315	818.9396533511712	620.0263222073615	843.1134305099926	596.9426692620389	677.2260688035379	625.9916726837963	789.3343477929837	766.7774499356505	576.8113352825334	817.4958828172975	586.087467274316	759.1843509902486	811.4634899180137
AT5G05610	898.6399155863256	893.014079120748	880.274833508154	792.5126656470031	1062.1603570682205	937.171731700526	1033.649579934519	1009.1546094744062	1008.0899131607755	1007.2042447495487	899.3795895574376	825.2300373079091	852.0791770155713	829.5517883068874	953.2221971973418	964.1244694785507	1086.0608421495099	1053.9788255101869	913.032612481385	1052.1935712873217	1335.1725115978215	961.2076832165956	935.0953266943382	1148.845971529672	1037.894494529827	999.9656687930006	989.4272669684594	1018.8966889918653	995.7568210933904	1002.3917279671729	1041.770114977851	931.862212668939	946.3725244398177	983.8212518148819	1102.0980152883737	989.5471004318325	1051.580502768892	1002.9960545926695	972.7874566781987	1260.0880546397796	1140.3748093295628	1067.1300689332784
AT5G06080	7.139145307537841	14.079050796948728	15.09042571728264	16.45793075624767	3.6912610150068477	3.2540685128490487	6.6153573115809206	7.165594860173298	4.613683813092794	25.75238125780096	30.384445593156673	24.86742299923387	26.751322999326074	22.487849683018034	19.024392591123416	20.246613859049564	14.676497866885267	9.707699708646459	15.326686540454903	15.133071668260971	12.764555560208619	9.995227208491462	18.758181077118117	13.358674087554325	13.027964366483182	10.186407491949073	6.804864284514851	6.469185326932478	7.529352144373463	7.194199004549088	6.294683474186412	11.73116086009064	9.359728263690505	8.732141288297768	5.038162355603994	7.973074220131148	13.144756284611152	7.088311339877523	6.062433814389542	11.39614519700059	6.393131376759988	11.115938218054982
AT5G10510	268.6103421961113	234.31563112064669	182.34264408383189	249.40095069083006	427.26346248704266	235.37762242941452	271.22964977481774	150.47749206363926	232.9910325611861	334.7809563514125	347.25080677893345	438.4034573198267	358.66588613911256	413.52656917105384	348.44676956373416	333.5870664395785	295.4868237199567	355.0244464876419	396.30432340319106	460.22341485240713	315.7100075224932	566.3962084811828	601.1997035216357	583.3287684898721	644.4499706620347	693.5245767435327	853.3299812781623	801.3703323737608	745.4058622929728	798.5560895049488	812.0141681700471	847.1938342874154	1031.650048620109	1071.1426646978596	966.067631687066	1199.504721561953	1195.296504813974	1162.4830597399139	1265.6496440194783	1177.058996775918	1429.6640041279525	1405.2398563991173
AT5G12330	303.41367557035824	222.24787329469063	279.1728757697288	316.4986683893782	333.13630660436803	356.8628469091123	363.84465213695063	275.875402116672	339.10576026232036	171.68254171867306	266.5149942028314	273.54165299157256	322.9974554733445	297.339345808794	338.4339313578797	253.56473547285884	216.23373523877626	244.07930696025383	315.29183740364374	346.28028699726576	154.8766074638646	388.14798992975176	391.1080754579128	376.71460926903194	380.41655950130894	457.11503620121465	509.0038484817109	485.1888995199359	480.9373682218549	514.3852288252598	357.2232871600789	553.4047623129715	583.4230617700415	582.1427525531846	517.6711820383105	673.281823033297	601.15352074955	605.1645806420436	600.1809476245646	532.3627827741705	668.8813702935138	625.2715247655927
AT5G14750	53.5435898065338	62.35008210077294	8.80274833508154	24.053898797592748	187.33149651159752	93.28329736833939	122.38411026424703	103.90112547251283	108.42156960768067	78.21093567183995	46.878858915156016	53.41890866502091	34.677640925052316	52.47164926037541	8.010270564683545	0	28.37456254264485	2.7736284881847024	4.379053297272829	20.474155786470725	8.509703706805746	9.995227208491462	22.50981729254174	12.468095815050702	15.633557239779819	35.652426221821756	23.136538567350495	20.216204146663994	24.470394469213755	23.98066334849696	31.473417370932058	28.562826441959817	45.7586715113758	32.988089311347125	45.34346120043595	36.32178255837523	46.4448055389594	55.82045180153549	57.826291768023324	42.32853930314505	57.53818239083989	50.021721981247424
AT5G16560	190.97213697663724	169.9542560488811	148.38918621994594	162.04731821536166	353.4382421869057	236.46231193369752	256.3450958237607	161.2258843538992	197.23498300971696	208.8804257577189	171.0210223386247	243.14813599250894	196.17636866172455	211.13592202389154	153.19642454957278	175.47065344509622	226.9965003411588	184.44629446428272	199.24692502591373	216.31390678749506	184.6605704376847	221.5608697882274	268.2419894027891	222.6445681259054	202.3677131593721	216.03672555841993	217.75565710447523	207.0139304618393	238.11576156581074	219.42306963874717	160.5144285917535	216.26140020341006	252.71266311964362	192.1071083425509	216.64098129097175	196.66916409656832	255.88458900709708	289.73472601749376	232.70419026002935	289.78769215230074	279.6994977332495	303.8356446268362
AT5G17430	22.309829086055753	17.09599025343774	1.25753547644022	6.329973367787565	74.74803555388867	20.60910058137731	21.49991126263799	9.554126480231064	17.301314299097978	10.491710882807798	27.780064542314673	20.262344666042413	10.898687147873586	19.98919971823825	4.005135282341772	2.892373408435652	2.9352995733770535	1.3868142440923512	7.663343270227451	24.034878531943892	15.317466672250344	21.656325618398167	22.50981729254174	31.170239537626756	48.63773363487054	51.78090475074112	62.60475141753663	97.84642806985373	104.46976100318179	98.32071972883753	77.10987255878355	96.90958971379224	143.51583337658775	151.35711566382798	136.03038360130785	157.6896901314827	184.90290507019685	199.35875643405532	207.52177287718047	190.4784268641527	202.98192121212963	204.71852884917928
AT5G17800	323.93871832952954	350.9706234382219	353.3674688797018	300.04073763313056	122.73442874897769	123.65460348826385	160.42241480583732	197.05385865476572	211.07603444899533	232.7252232186457	248.2843268469374	221.04375999318995	255.62375310467138	272.3528461609962	471.60467949574365	491.70347943406085	413.87723984616457	572.754282810141	501.40160253773894	435.29835563409495	451.01429646070454	499.76136042457307	534.6081606978663	479.1311106069484	488.9829292220021	440.9865576722953	537.5842784766733	455.26891738287316	451.76112866240777	545.5600911783058	580.6845504936965	488.11830187420617	549.1040581365096	622.8927452319074	593.2436173723703	609.4972292722479	626.5667162331315	559.9765958503243	481.26397665000053	494.9183056983113	616.9371778573388	596.5553510356174
AT5G18560	165.09273523681256	153.86391228093967	204.97828265975585	221.54906787256476	43.37231692633046	62.91199124841494	77.73044841107581	96.73553061233953	149.9447239255158	260.3851882733208	326.41575837219744	365.6432196554017	431.9843269520803	457.2529435547	417.53535318412975	346.1206845427997	224.06120076778174	339.7694898026261	449.9477262947832	320.4650470925853	181.25668895496239	359.8281795056926	443.63098247384346	336.638587006369	376.0739047124812	415.09610529692475	336.1602956550337	262.81065390663196	251.2921278184643	359.7099502274544	265.9503767843759	388.6584597995247	255.8325725408738	264.874952411699	231.75546835778374	267.5409349421785	258.5135402640193	175.43570566196868	218.24761731802352	154.6619705307223	222.16131534240958	212.1291543278826
AT5G20730	1148.51000135015	1027.7707081772571	1003.5133101992956	1060.903536441196	885.9026436016435	1098.7904678386953	972.4575248023953	1110.6672033268612	929.657288338198	806.9079460777634	861.1820008117548	928.3837919713978	1000.6976381229383	1041.937035313169	947.2144942738291	831.0752926905107	675.1189018767222	761.3610200067009	945.8755122109311	794.0411722405167	558.236563166457	751.3079118382749	833.8011488779003	670.6054391952271	782.5463929467564	736.8168085843163	737.64728844141	797.327091544428	728.4648199681325	737.4053979662815	701.8572073717849	778.3370205434051	708.2194386192482	683.0474963290699	610.8771856169843	733.5228282520657	730.8484494243801	712.375289657691	656.608216204652	586.087467274316	666.4839460272287	689.1881695194089
AT5G25620	488.1390604028999	619.478235065744	628.76773822011	639.327310146544	195.63683379536295	223.44603788230134	266.268131791132	360.6682746287227	367.9412840941503	509.3248737653968	543.4475126090308	659.4472173130167	698.5067672046252	789.5733888704109	1041.3351734088608	1101.9942686139834	857.1074754260997	1113.611838006158	1299.484065965712	1227.559166501875	942.0242003433962	1452.6396876340925	1581.3146648010572	1309.1500605803237	1434.813142228681	1365.4030375666737	1437.1873368895367	1559.0736637907273	1446.5767807377515	1610.3015438515708	1372.2409973726378	1630.631359552599	1372.760145341274	1564.0235285262224	1447.2121366472475	1625.6212437711843	1629.9497792917828	1355.6395437515762	1455.9167975787807	1567.7839749587954	1546.3386517538222	1584.021196072835
AT5G25890	7856.629410945394	7046.564923872838	7250.949557154308	6980.694629996126	6814.067833702641	8733.919888486846	9512.883814053363	10053.329588823139	10139.723600224688	7564.5235465044225	6825.214607239936	5948.840190816724	5801.073931890895	5970.524090841288	4781.130243295491	4369.412095676792	6108.358412197648	4869.104811008246	4048.434773328731	2832.5549440239065	4184.221312636386	3230.124259544157	3072.5900604319477	3122.3674233976976	2829.673860400147	2703.642321821483	2653.897070960792	2334.567254856758	2542.0975177440905	2640.2710346695153	2916.012119416855	2349.8025253233727	2131.9381045072814	2184.005559995364	2602.2108566694633	2041.107000353574	2322.24027694797	2039.6615880497573	1654.1117492030542	2170.151649657398	2011.4389594131112	2133.333809681719
AT5G26930	84.77735052701186	76.42913289772167	71.67952215709253	81.02365910768083	69.2111440313784	97.62205538547146	165.38393278952302	149.2832262536104	144.17761915914983	90.61023035152189	84.20832064389135	73.68125333106332	55.48422548008371	66.2142240666642	35.044933720490505	30.851983023313622	49.90009274740991	38.830798834585835	30.653373080909805	9.791987550051216	25.529111120417237	13.32696961132195	12.192817700126776	6.234047907525351	5.211185746593273	5.517637391472414	5.443891427611881	1.6172963317331195	1.8823380360933657	1.199033167424848	1.573670868546603	2.5502523608892695	1.0399698070767227	2.9107137627659228	2.519081177801997	2.657691406710383	1.7526341712814868	5.316233504908142	3.2643874385174456	0	0	3.705312739351661
AT5G37020	480.999915095362	422.3715239084618	349.59486245038113	386.12837543504145	653.353199656212	471.83993436311204	464.72885113855966	346.3370849083761	302.19628975757803	351.94921052327976	388.0527765754581	500.11150698459227	502.33039854290075	520.9685176565845	490.6290720868671	432.89188679586925	372.7830458188858	403.56294503087423	515.6335257538757	686.3293091899534	324.2197112292989	727.9857150184615	695.9285179610822	613.6084297549953	724.3548187764649	655.7499822942216	770.3106370070811	828.0557218473572	846.1109472239679	711.0266682829348	689.267840423412	738.0430332413546	887.0942454364445	842.1665153602736	636.0679973950043	958.540700686878	903.4829152956065	959.5801476359197	959.2635658614837	745.6335000323243	926.2049082081033	1005.0660805491381
AT5G38005	192.7569233035217	219.23093383820162	173.53989574875035	158.2493341946891	144.88199483901877	141.00963555679212	176.96080808478962	220.93917485534337	201.84866682280975	255.61622878113545	194.46045179620273	173.15094532799878	214.0105839946086	179.90279746414427	195.25034501416138	219.82037904110956	254.39262969267796	224.6639075429609	183.92023848545884	184.26740207823653	314.85903715181263	203.23628657265974	151.00335767080085	190.58375031577503	178.0488463419368	190.14627318304937	153.78993283003564	194.07555980797434	162.82224012207612	187.04917411827628	225.0349342021642	163.21615109691325	194.47435392334714	178.52377744964326	176.3356824461398	146.17302736907106	177.0160512994302	173.66362782699932	180.00765018110485	161.1740535004369	163.8239915294747	163.0337605314731
AT5G39550	358.7420517037765	323.81816832982076	251.50709528804398	317.76466306293577	602.598360699868	381.8107055076217	436.61358256434073	361.8625404387516	355.25365360814516	392.0084702576368	401.94280884661543	382.22150165489097	411.1777423970489	379.7947946465268	366.46987833427215	386.6139122608988	366.9124466721317	375.8266601490272	395.20956007887287	435.29835563409495	366.76822976332767	456.4487091877768	487.7127080050711	405.2131139891478	439.476664629366	482.58105493108735	454.56493420559207	480.3370105247365	457.40814277068785	498.7977976487368	489.4116401179935	508.52032076132036	564.7036052426604	522.9582393769441	486.18266731578547	582.0344180695738	575.7403252659684	579.4694520349875	636.5555505109019	506.31445089531195	590.5655109282039	603.0396483294828
AT5G42630	97.27085481520308	77.434779383218	33.95345786388594	53.17177628941555	299.9149574693064	155.1105991124713	195.15304069163716	169.58574502410139	175.31998489752618	113.50123591401164	81.60393959304936	96.7066449970206	51.52106651722059	96.19802364402159	36.04621754107595	30.851983023313622	87.08055401018592	27.736284881847027	51.453876242955744	92.57879138230241	108.07323707643297	93.28878727925364	90.03926917016696	121.11864506049254	152.86144856673602	153.22054602473398	178.2874442542891	207.82257862770587	229.6452404033906	193.04433995540052	180.97214988285933	193.8191794275845	249.59275369841345	236.73805270496172	280.8775513249227	215.27300394354103	285.67936991888234	286.19057034755497	265.3480646452038	304.4398788341586	308.4685889286694	300.13033188748454
AT5G43170	196.3264959572906	219.23093383820162	223.84131480635915	246.86896134371503	131.0397660327431	124.73929299254686	140.57634287109457	242.43595943586325	258.3662935331965	276.59965054675104	380.2396334229321	241.30610465923237	280.3934966225659	312.3312455974727	379.4865680018829	428.0712644484765	493.130328327345	424.3651586922595	410.53624661932776	370.31516552920965	594.8282891057216	463.11219399343776	434.25189193528445	519.2071328696114	484.6402744331744	496.5873652325173	465.4527170608158	456.0775655487397	433.8789173195208	378.89448090625194	497.2799944607265	406.51022632574956	389.98867765377105	434.66658857304446	491.2208296713895	365.8755169904627	390.8374201957716	471.3727041018553	460.2786288309598	428.16945525873643	389.9810139823593	437.226903243496
AT5G43890	229.34504300465312	144.81309391147263	82.99734144505452	198.76116374852953	113.50627621146057	121.48522447969782	112.46107429687565	182.72266893441912	175.31998489752618	228.9100556248974	303.84445593156676	298.40907599080646	234.81716854964	187.3987473584836	147.18872162606013	130.15680337960436	69.4687565699236	105.3978825510187	96.33917254000225	150.4405359962414	77.4383037319323	178.24821855143108	154.75499388622447	156.7417759606374	219.738332314683	272.0619667641398	227.28246710279603	228.03878277436985	137.4106766348157	125.89848257960904	129.04101122082145	155.0553435420676	129.99622588459033	154.2678294265939	94.46554416757489	129.34098179323863	132.32387993175226	212.64934019632568	234.56955451061074	195.36248909143868	123.86692042472477	202.86587247950342
AT5G53290	354.28008588656536	349.9649769527255	300.55097886921254	320.2966524100508	460.48481162210425	289.61209764356533	421.7290286132837	402.4675779797336	333.33865549595436	342.41129153890904	350.72331484672276	405.24689332084824	342.8132502876601	414.7758941534437	300.3851461756329	308.5198302331362	288.63779138207695	336.99586131444136	330.6185239440986	351.6213711154755	214.4445334115048	423.1312851594719	356.4054404652442	286.7662037461662	398.6557096143854	376.4726435566178	322.550567086004	341.2495259956882	326.58564926219896	340.5254195486568	404.43341321647694	280.52775969781965	379.5889795830038	409.4404026290731	473.58726142677546	460.66651049646634	483.7270312736904	538.7116618306917	477.06690708619243	494.9183056983113	465.1003076592892	505.7751889215017
AT5G54510	1483.1574376409865	1325.4420678841732	1510.300107204704	1691.3688838728374	1238.4180705347974	1814.685540665486	1607.5318267141636	1869.025992695202	1722.0574832368854	2188.9524069130816	2452.4588228762173	2229.7789289313037	2396.720382791473	2549.872289057767	2015.5843308384967	1874.2579686663025	1502.8733815690514	1758.4804615091014	1683.745992801403	1198.1832038517216	1149.6609707894563	1284.386696291153	1305.569402967421	1313.6029519428419	1307.139091437146	1328.9017440538562	1388.1923140410297	1436.1591425790102	1233.8725826592013	1251.7906267915412	1310.8678334993203	1340.9226913555779	1500.676431611711	1432.0711712808338	1343.9298083573656	1568.037929959126	1509.0180214733602	1782.710301979197	1530.0650265393913	1618.2526179740837	1656.620168002932	1506.2096285464502
AT5G56320	474.7531629512664	435.44492821991423	238.9317405236418	267.12487612063524	1028.0161926794071	670.338113646904	864.9579684892053	634.155145125337	757.7975663004914	450.1897760622983	332.49264749082874	353.67001598910394	225.90006088319797	378.5454696641369	106.13608498205696	83.87882884463392	193.72977184288553	97.07699708646459	100.71822583727507	172.69505315544873	120.8377926366416	109.94749929340608	166.00990253249535	115.7751754254708	161.54675814439145	202.8792825479857	119.76561140746139	84.90805741598878	104.46976100318179	100.71878606368723	146.35139077483407	113.23120482348357	128.95625607751361	92.17260248758755	108.32049064548588	113.39483335297633	116.55017239021888	128.47564303528011	111.4555139722385	104.19332751543396	135.05490033405476	125.98063313795647
AT5G57090	1857.0701731232807	1121.2958313284166	821.1706661154636	1196.3649665118496	3605.4391964079387	2730.1634822803517	2854.526679947167	1945.4590045370505	1950.4348319849787	1194.147456843215	1030.466769116485	1236.0030246285871	1049.2463354180115	1149.3789837986994	541.6945469367247	382.7574143829846	525.4186236344925	418.8179017158901	504.6858925106936	528.7673277027657	196.57415562721275	364.82579310993833	487.7127080050711	248.47133802851044	297.9061185135821	457.11503620121465	262.6677613822733	129.38370653864956	183.52795851910315	131.89364841673327	210.87189638524478	167.29655487433607	185.11462565965664	150.386877742906	130.99222124570386	210.84351826569036	155.10812415841158	245.43278014325924	252.75685595377936	167.68613647015155	256.52439649249453	281.6037681907262
AT5G57390	58.005555623744954	60.33878912978027	72.93705763353276	78.4916697605658	37.83542540382019	30.371306119924455	62.84589446001874	45.382100781097556	57.67104766365993	114.4550278124487	126.7465444743107	165.78281999489246	170.41583540311424	192.39604728804318	178.22852006420885	163.9011598113536	109.58451740607667	153.936381094251	193.7731084043227	176.2557759009219	108.92420744711356	164.9212489401091	191.3334469866048	161.19466732315553	158.94116527109483	178.26213110910876	176.92647139738614	142.3220771925145	131.7636625265356	95.92265339398784	111.7306316668088	122.41211332268493	118.55655800674639	95.08331625035348	70.53427297845592	95.67689064157378	83.25012313587062	87.71785283098434	78.3452985244187	81.40103712143278	77.51671794321486	90.7801621141157
AT5G60200	299.8441029165893	301.6939456489013	331.98936578021807	282.3168122033254	297.14651170805126	329.74560930203694	284.46036439797956	303.3435157473363	356.40707456141837	385.3319269685773	360.2727120331434	402.48384632093337	369.56457328698616	308.583270650303	310.39798438148733	314.30457705000754	322.88295307147587	287.0705485271167	260.55367118773336	372.0955269019462	433.99488904709307	401.4749595410737	396.73552978104817	365.13709172648487	446.4249122914904	437.16665486281437	439.5942327796594	488.4234921834021	466.8198329511547	494.00166497903734	579.1108796251499	527.9022387040787	461.7465943420649	551.0951390836814	566.7932650054494	487.2434245635702	541.5639589259795	489.0934824515491	565.2053679261635	586.087467274316	551.407581245549	685.4828567800573
AT5G60450	392.6529919145812	323.81816832982076	417.501778178153	412.71426357974923	245.46885749795538	332.99967781488596	284.46036439797956	333.2001609980584	243.3718211406449	343.36508343734613	408.0196979652468	426.43025365352895	485.4869729507325	488.4860681144473	518.6650190632595	473.3851145139684	354.1928151874978	425.7519729363519	579.1297985643317	440.6394397523047	270.6085778764227	494.76374682032736	540.2356150210018	381.16750063155007	454.24169091138026	418.49157446090777	494.0331470557782	459.31215821220593	495.0549034925552	474.8171343002398	439.0541723245022	469.75648487580344	478.38611125529246	531.6903806652418	442.0987467042505	486.3575274280001	483.7270312736904	486.43536569909503	485.4610462138087	447.7057041678803	471.49343903604915	453.90081057057847
AT5G60690	1711.6100874821973	1450.1422320857191	1609.6454098434815	1754.668617550713	1184.8947858171982	1514.2265479790906	1332.9944982835555	1333.9949098022623	1072.6814865440747	1394.4437555150002	1349.0693843361564	1714.0101556138604	1798.2833793991417	1637.8650519131468	1935.4816251916614	1773.0248993710547	1288.5965127125264	1597.6100091943888	2064.723629664139	1998.4556408968165	1157.3197041255814	1837.4559351610137	2036.2005559211716	1614.618408049066	1828.2576660964733	1701.5544848009931	1761.0988768324435	1829.9707993560248	1773.1624299999505	1690.6367660690357	1542.197451175671	1734.6816558768812	1878.1854715805612	1896.8151354024596	1571.9066549484462	1972.8929209146743	1648.3524380902384	1748.154784197294	1727.7936371010194	1388.7016932916433	1664.611582223882	1388.565949072035
AT5G62000	2745.893763911742	2928.4425657653355	3161.444187770713	2921.91570657074	1996.049393864953	2259.4082374215227	2280.6444331675225	2484.072884860077	1847.780367143664	2346.3280701551985	2471.5576172490587	2874.4898955781077	2930.756053037279	3025.865107348315	3245.160862517421	3180.6466248097386	2683.8422432577527	2949.753897184431	3588.6341771150837	3610.572863909794	2500.150949059528	3743.2125895800523	3629.708038422356	2816.8990759289554	3696.4677562501615	3843.2466599832856	3876.0506964596593	3784.4734162554996	3814.5580301432055	3582.7111042654456	3652.4900858966653	3906.986616882361	3554.616800588238	3399.7136749105975	3239.5383946533684	3868.712791034747	3848.7846401341453	3423.6543771608435	3906.5390817800917	3171.384406251021	3794.323472107053	3885.0204072102165
AT5G64610	683.5731631967483	740.1558133253046	612.4197770263871	635.5293261258715	739.1750182551212	723.4878993567718	732.6508222575869	782.2441055689184	776.2523015528626	673.3770802965732	760.4792668458642	702.7349536450164	661.8475467981414	688.3780652968297	647.8306319187816	721.165103169956	794.4877511940558	775.2291624476244	625.1098581856963	668.5256954625876	781.1908002847675	749.6420406368596	754.0788793001483	748.9763271755457	710.4583234522162	652.3545131302385	665.5157270255525	726.9747011140372	735.9941721125059	690.6431044367124	808.8668264329539	687.0379860235693	698.8597103555577	772.3093850538914	750.6861909849952	721.1202683540839	734.353717766943	773.5119749641347	738.217902167588	885.6432838811887	803.1371292054736	828.1373972450962
AT5G65230	65.1447009312828	130.7340431145239	106.89051549741869	88.6196271490259	32.29853388130992	27.117237607075406	47.96134050896167	68.07315117164633	94.58051816840228	101.1019412343297	122.40590938957403	178.67703932782854	148.6184611073671	189.8973973232634	266.3414962757278	349.01305795123534	344.40848327624093	285.68373428302436	340.4713938629625	279.5167355196438	289.32992603139536	318.18139947031153	322.6407145264316	228.87861603343075	229.292172850104	221.55436294989235	223.19954853208714	236.12526443303545	251.2921278184643	146.28204642583145	180.97214988285933	237.17346956270205	204.87405199411438	134.8630710081544	137.28992419020884	155.91789586034247	205.05819803993396	134.67791545767292	154.35889173561065	154.6619705307223	116.67464762586978	127.8332895076323
AT5G65510	90.13170950766524	135.7622755420056	96.83023168589693	103.81156323171606	109.81501519645373	100.8761238983205	115.7687529526661	111.06672033268613	128.02972581332503	149.7453280546204	156.26286305052005	137.23133432910544	146.63688162593553	131.17912315093852	167.21439803776897	165.8294087503107	154.59244419785816	171.96496626745156	160.93020867477648	198.5102930601292	234.01685193715804	209.8997713783207	189.457628878893	225.31630294341628	213.65861561032418	203.72814983898147	249.05803281324356	201.35339330077338	180.7044514649631	195.4424062902502	185.69316248849915	180.04781667878243	179.91477662427303	174.64282576595537	177.59522303504082	180.72301565630605	173.5107829568672	168.34739432209116	162.28668980058157	183.9663438944381	160.6274258410947	195.4552470008001
AT5G67440	399.7921372221191	447.5126860458703	413.72917174883236	432.9701783566694	340.5188286343817	367.7097419519425	420.07518928538843	385.74785663932926	325.264708823042	371.02504849202126	418.43722216861477	400.6418149876568	419.1040603227752	357.3069449635087	516.6624514220886	526.4119603352887	472.5832313137056	459.03551479456826	537.5287922402398	606.2130474168071	504.62542981358075	638.0286701420383	632.1507022988806	694.6510525528249	668.76883747947	581.8985279775908	706.3449127326415	584.6526239215227	652.2301295063512	598.3175505449991	602.715942653349	570.7464783670185	721.7390461112456	774.2498608957354	733.0526227403811	710.4895027272423	678.2694242859354	715.9194453276298	655.2091930167159	744.0054792898957	740.8040982820636	647.5034012017028
